-- MySQL dump 10.13  Distrib 8.0.29, for macos12 (x86_64)
--
-- Host: localhost    Database: active_v2
-- ------------------------------------------------------
-- Server version	8.0.30

/*!40101 SET @OLD_CHARACTER_SET_CLIENT=@@CHARACTER_SET_CLIENT */;
/*!40101 SET @OLD_CHARACTER_SET_RESULTS=@@CHARACTER_SET_RESULTS */;
/*!40101 SET @OLD_COLLATION_CONNECTION=@@COLLATION_CONNECTION */;
/*!50503 SET NAMES utf8 */;
/*!40103 SET @OLD_TIME_ZONE=@@TIME_ZONE */;
/*!40103 SET TIME_ZONE='+00:00' */;
/*!40014 SET @OLD_UNIQUE_CHECKS=@@UNIQUE_CHECKS, UNIQUE_CHECKS=0 */;
/*!40014 SET @OLD_FOREIGN_KEY_CHECKS=@@FOREIGN_KEY_CHECKS, FOREIGN_KEY_CHECKS=0 */;
/*!40101 SET @OLD_SQL_MODE=@@SQL_MODE, SQL_MODE='NO_AUTO_VALUE_ON_ZERO' */;
/*!40111 SET @OLD_SQL_NOTES=@@SQL_NOTES, SQL_NOTES=0 */;

-- Creation of Database

UNLOCK TABLES;
CREATE DATABASE IF NOT EXISTS `active_test`;
USE active_test;
SET TIME_ZONE='-05:00';

--
-- Table structure for table `language`
--

DROP TABLE IF EXISTS `language`;
/*!40101 SET @saved_cs_client     = @@character_set_client */;
/*!50503 SET character_set_client = utf8mb4 */;
CREATE TABLE `language` (
  `ID` char(2) NOT NULL,
  `TITLE` varchar(45) NOT NULL,
  `LAST_UPDATED` datetime DEFAULT CURRENT_TIMESTAMP,
  PRIMARY KEY (`ID`)
) ENGINE=InnoDB DEFAULT CHARSET=utf8mb4 COLLATE=utf8mb4_0900_ai_ci;
/*!40101 SET character_set_client = @saved_cs_client */;

--
-- Table structure for table `translation`
--

DROP TABLE IF EXISTS `translation`;
/*!40101 SET @saved_cs_client     = @@character_set_client */;
/*!50503 SET character_set_client = utf8mb4 */;
CREATE TABLE `translation` (
  `ID` int NOT NULL AUTO_INCREMENT,
  `LAST_UPDATED` datetime DEFAULT CURRENT_TIMESTAMP,
  PRIMARY KEY (`ID`)
) ENGINE=InnoDB AUTO_INCREMENT=202744 DEFAULT CHARSET=utf8mb4 COLLATE=utf8mb4_0900_ai_ci;

--
-- Table structure for table `language_translation`
--

DROP TABLE IF EXISTS `language_translation`;
/*!40101 SET @saved_cs_client     = @@character_set_client */;
/*!50503 SET character_set_client = utf8mb4 */;
CREATE TABLE `language_translation` (
  `TRANSLATION_ID` int NOT NULL,
  `LANGUAGE_ID` char(2) NOT NULL,
  `DESCRIPTION` varchar(255) NOT NULL,
  `LAST_UPDATED` datetime DEFAULT CURRENT_TIMESTAMP,
  PRIMARY KEY (`TRANSLATION_ID`,`LANGUAGE_ID`),
  KEY `LANGUAGE_TRANSLATION_ibfk_2` (`LANGUAGE_ID`),
  CONSTRAINT `LANGUAGE_TRANSLATION_ibfk_1` FOREIGN KEY (`TRANSLATION_ID`) REFERENCES `translation` (`ID`),
  CONSTRAINT `LANGUAGE_TRANSLATION_ibfk_2` FOREIGN KEY (`LANGUAGE_ID`) REFERENCES `language` (`ID`)
) ENGINE=InnoDB DEFAULT CHARSET=utf8mb4 COLLATE=utf8mb4_0900_ai_ci;
/*!40101 SET character_set_client = @saved_cs_client */;

--
-- Table structure for table `city`
--

DROP TABLE IF EXISTS `city`;
/*!40101 SET @saved_cs_client     = @@character_set_client */;
/*!50503 SET character_set_client = utf8mb4 */;
CREATE TABLE `city` (
  `ID` int NOT NULL AUTO_INCREMENT,
  `TITLE` varchar(45) NOT NULL,
  `LAST_UPDATED` datetime DEFAULT CURRENT_TIMESTAMP,
  PRIMARY KEY (`ID`)
) ENGINE=InnoDB AUTO_INCREMENT=5 DEFAULT CHARSET=utf8mb4 COLLATE=utf8mb4_0900_ai_ci;
/*!40101 SET character_set_client = @saved_cs_client */;

--
-- Table structure for table `category`
--

DROP TABLE IF EXISTS `category`;
/*!40101 SET @saved_cs_client     = @@character_set_client */;
/*!50503 SET character_set_client = utf8mb4 */;
CREATE TABLE `category` (
  `ID` int NOT NULL AUTO_INCREMENT,
  `TITLE_TRANSLATION_ID` int NOT NULL,
  `CITY_ID` int NOT NULL,
  `LAST_UPDATED` datetime DEFAULT CURRENT_TIMESTAMP,
  PRIMARY KEY (`ID`),
  KEY `TITLE_TRANSLATION_ID` (`TITLE_TRANSLATION_ID`),
  KEY `CITY_ID` (`CITY_ID`),
  CONSTRAINT `CATEGORY_ibfk_1` FOREIGN KEY (`TITLE_TRANSLATION_ID`) REFERENCES `translation` (`ID`),
  CONSTRAINT `CATEGORY_ibfk_2` FOREIGN KEY (`CITY_ID`) REFERENCES `city` (`ID`)
) ENGINE=InnoDB AUTO_INCREMENT=209 DEFAULT CHARSET=utf8mb4 COLLATE=utf8mb4_0900_ai_ci;
/*!40101 SET character_set_client = @saved_cs_client */;

--
-- Table structure for table `type`
--

DROP TABLE IF EXISTS `type`;
/*!40101 SET @saved_cs_client     = @@character_set_client */;
/*!50503 SET character_set_client = utf8mb4 */;
CREATE TABLE `type` (
  `ID` int NOT NULL AUTO_INCREMENT,
  `CATEGORY_ID` int NOT NULL,
  `TITLE_TRANSLATION_ID` int NOT NULL,
  `LAST_UPDATED` datetime DEFAULT CURRENT_TIMESTAMP,
  PRIMARY KEY (`ID`),
  KEY `CATEGORY_ID` (`CATEGORY_ID`),
  KEY `TITLE_TRANSLATION_ID` (`TITLE_TRANSLATION_ID`),
  CONSTRAINT `TYPE_ibfk_1` FOREIGN KEY (`CATEGORY_ID`) REFERENCES `category` (`ID`),
  CONSTRAINT `TYPE_ibfk_2` FOREIGN KEY (`TITLE_TRANSLATION_ID`) REFERENCES `translation` (`ID`)
) ENGINE=InnoDB AUTO_INCREMENT=2009 DEFAULT CHARSET=utf8mb4 COLLATE=utf8mb4_0900_ai_ci;
/*!40101 SET character_set_client = @saved_cs_client */;

--
-- Table structure for table `activity`
--

DROP TABLE IF EXISTS `activity`;
/*!40101 SET @saved_cs_client     = @@character_set_client */;
/*!50503 SET character_set_client = utf8mb4 */;
CREATE TABLE `activity` (
  `ID` int NOT NULL,
  `TYPE_ID` int NOT NULL,
  `TITLE_TRANSLATION_ID` int NOT NULL,
  `LAST_UPDATED` datetime DEFAULT CURRENT_TIMESTAMP,
  PRIMARY KEY (`ID`),
  KEY `TYPE_ID` (`TYPE_ID`),
  KEY `TITLE_TRANSLATION_ID` (`TITLE_TRANSLATION_ID`),
  CONSTRAINT `ACTIVITY_ibfk_1` FOREIGN KEY (`TYPE_ID`) REFERENCES `type` (`ID`),
  CONSTRAINT `ACTIVITY_ibfk_2` FOREIGN KEY (`TITLE_TRANSLATION_ID`) REFERENCES `translation` (`ID`)
) ENGINE=InnoDB DEFAULT CHARSET=utf8mb4 COLLATE=utf8mb4_0900_ai_ci;
/*!40101 SET character_set_client = @saved_cs_client */;

--
-- Table structure for table `address`
--

DROP TABLE IF EXISTS `address`;
/*!40101 SET @saved_cs_client     = @@character_set_client */;
/*!50503 SET character_set_client = utf8mb4 */;
CREATE TABLE `address` (
  `ID` int NOT NULL AUTO_INCREMENT,
  `STREET_TRANSLATION_ID` int NOT NULL,
  `CITY` varchar(45) NOT NULL,
  `PROVINCE` varchar(45) NOT NULL,
  `POSTAL_CODE` char(6) NOT NULL,
  `COUNTRY` varchar(45) NOT NULL,
  `LONGITUDE` double(8,6) NOT NULL,
  `LATITUDE` double(8,6) NOT NULL,
  `LAST_UPDATED` datetime DEFAULT CURRENT_TIMESTAMP,
  PRIMARY KEY (`ID`),
  KEY `STREET_TRANSLATION_ID` (`STREET_TRANSLATION_ID`),
  CONSTRAINT `ADDRESS_ibfk_1` FOREIGN KEY (`STREET_TRANSLATION_ID`) REFERENCES `translation` (`ID`)
) ENGINE=InnoDB AUTO_INCREMENT=2148 DEFAULT CHARSET=utf8mb4 COLLATE=utf8mb4_0900_ai_ci;
/*!40101 SET character_set_client = @saved_cs_client */;

--
-- Table structure for table `facility`
--

DROP TABLE IF EXISTS `facility`;
/*!40101 SET @saved_cs_client     = @@character_set_client */;
/*!50503 SET character_set_client = utf8mb4 */;
CREATE TABLE `facility` (
  `ID` int NOT NULL AUTO_INCREMENT,
  `PHONE` varchar(12) DEFAULT NULL,
  `ADDRESS_ID` int NOT NULL,
  `TITLE_TRANSLATION_ID` int NOT NULL,
  `URL` varchar(200) DEFAULT NULL,
  `CITY_ID` int NOT NULL,
  `LAST_UPDATED` datetime DEFAULT CURRENT_TIMESTAMP,
  PRIMARY KEY (`ID`),
  KEY `TITLE_TRANSLATION_ID` (`TITLE_TRANSLATION_ID`),
  KEY `CITY_ID` (`CITY_ID`),
  KEY `FACILITY_ibfk_2` (`ADDRESS_ID`),
  CONSTRAINT `FACILITY_ibfk_1` FOREIGN KEY (`TITLE_TRANSLATION_ID`) REFERENCES `translation` (`ID`),
  CONSTRAINT `FACILITY_ibfk_2` FOREIGN KEY (`ADDRESS_ID`) REFERENCES `address` (`ID`),
  CONSTRAINT `FACILITY_ibfk_3` FOREIGN KEY (`CITY_ID`) REFERENCES `city` (`ID`)
) ENGINE=InnoDB AUTO_INCREMENT=2148 DEFAULT CHARSET=utf8mb4 COLLATE=utf8mb4_0900_ai_ci;
/*!40101 SET character_set_client = @saved_cs_client */;

--
-- Table structure for table `facility_activity`
--

DROP TABLE IF EXISTS `facility_activity`;
/*!40101 SET @saved_cs_client     = @@character_set_client */;
/*!50503 SET character_set_client = utf8mb4 */;
CREATE TABLE `facility_activity` (
  `FACILITY_ID` int NOT NULL,
  `ACTIVITY_ID` int NOT NULL,
  `LAST_UPDATED` datetime DEFAULT CURRENT_TIMESTAMP,
  PRIMARY KEY (`FACILITY_ID`,`ACTIVITY_ID`),
  KEY `FACILITY_ACTIVITY_ibfk_2` (`ACTIVITY_ID`),
  CONSTRAINT `FACILITY_ACTIVITY_ibfk_1` FOREIGN KEY (`FACILITY_ID`) REFERENCES `facility` (`ID`),
  CONSTRAINT `FACILITY_ACTIVITY_ibfk_2` FOREIGN KEY (`ACTIVITY_ID`) REFERENCES `activity` (`ID`)
) ENGINE=InnoDB DEFAULT CHARSET=utf8mb4 COLLATE=utf8mb4_0900_ai_ci;
/*!40101 SET character_set_client = @saved_cs_client */;

--
-- Table structure for table `reference_facility_locationorigin`
--

DROP TABLE IF EXISTS `reference_facility_locationorigin`;
/*!40101 SET @saved_cs_client     = @@character_set_client */;
/*!50503 SET character_set_client = utf8mb4 */;
CREATE TABLE `reference_facility_locationorigin` (
  `FACILITY_ID` int NOT NULL,
  `LOCATION_ID` int NOT NULL,
  PRIMARY KEY (`FACILITY_ID`),
  CONSTRAINT `REFERENCE_FACILITY_LOCATIONORIGIN_ibfk_1` FOREIGN KEY (`FACILITY_ID`) REFERENCES `facility` (`ID`)
) ENGINE=InnoDB DEFAULT CHARSET=utf8mb4 COLLATE=utf8mb4_0900_ai_ci;
/*!40101 SET character_set_client = @saved_cs_client */;

--
-- Table structure for table `availability`
--

DROP TABLE IF EXISTS `availability`;
/*!40101 SET @saved_cs_client     = @@character_set_client */;
/*!50503 SET character_set_client = utf8mb4 */;
CREATE TABLE `availability` (
  `ID` int NOT NULL AUTO_INCREMENT,
  `FACILITY_ID` int NOT NULL,
  `ACTIVITY_ID` int NOT NULL,
  `START_TIME` datetime NOT NULL,
  `END_TIME` datetime DEFAULT NULL,
  `IS_AVAILABLE` tinyint DEFAULT '1',
  `MIN_AGE` int DEFAULT NULL,
  `MAX_AGE` int DEFAULT NULL,
  `LAST_UPDATED` datetime DEFAULT CURRENT_TIMESTAMP,
  PRIMARY KEY (`ID`),
  KEY `AVAILABILITY_ibfk_1` (`FACILITY_ID`),
  KEY `AVAILABILITY_ibfk_2` (`ACTIVITY_ID`),
  CONSTRAINT `AVAILABILITY_ibfk_1` FOREIGN KEY (`FACILITY_ID`) REFERENCES `facility` (`ID`),
  CONSTRAINT `AVAILABILITY_ibfk_2` FOREIGN KEY (`ACTIVITY_ID`) REFERENCES `activity` (`ID`)
) ENGINE=InnoDB AUTO_INCREMENT=20067 DEFAULT CHARSET=utf8mb4 COLLATE=utf8mb4_0900_ai_ci;
/*!40101 SET character_set_client = @saved_cs_client */;

--
-- Dumping data for table `language`
--

LOCK TABLES `language` WRITE;
/*!40000 ALTER TABLE `language` DISABLE KEYS */;
INSERT INTO `language` VALUES ('En','English','2023-10-25 20:33:03'),('Fr','French','2023-10-25 20:33:03');
/*!40000 ALTER TABLE `language` ENABLE KEYS */;
UNLOCK TABLES;

/*!40101 SET character_set_client = @saved_cs_client */;

--
-- Dumping data for table `translation`
--

LOCK TABLES `translation` WRITE;
/*!40000 ALTER TABLE `translation` DISABLE KEYS */;
INSERT INTO `translation` VALUES (200001,'2023-08-22 00:31:31'),(200002,'2023-08-22 00:31:31'),(200003,'2023-08-22 00:31:31'),(200004,'2023-08-22 00:31:31'),(200005,'2023-08-22 00:31:31'),(200006,'2023-08-22 00:31:31'),(200007,'2023-08-22 00:31:31'),(200008,'2023-08-22 00:31:31'),(200009,'2023-08-22 00:31:31'),(200010,'2023-08-22 00:31:31'),(200011,'2023-08-22 00:31:31'),(200012,'2023-08-22 00:31:31'),(200013,'2023-08-22 00:31:31'),(200014,'2023-08-22 00:31:31'),(200015,'2023-08-22 00:31:31'),(200016,'2023-08-22 00:31:31'),(200017,'2023-08-22 00:31:31'),(200018,'2023-08-22 00:31:31'),(200019,'2023-08-22 00:31:31'),(200020,'2023-08-22 00:31:31'),(200021,'2023-08-22 00:31:31'),(200022,'2023-08-22 00:31:31'),(200023,'2023-08-22 00:31:31'),(200024,'2023-08-22 00:31:31'),(200025,'2023-08-22 00:31:31'),(200026,'2023-08-22 00:31:31'),(200027,'2023-08-22 00:31:31'),(200028,'2023-08-22 00:31:31'),(200029,'2023-08-22 00:31:31'),(200030,'2023-08-22 00:31:31'),(200031,'2023-08-22 00:31:31'),(200032,'2023-08-22 00:31:31'),(200033,'2023-08-22 00:31:31'),(200034,'2023-08-22 00:31:31'),(200035,'2023-08-22 00:31:31'),(200036,'2023-08-22 00:31:31'),(200037,'2023-08-22 00:31:31'),(200038,'2023-08-22 00:31:31'),(200039,'2023-08-22 00:31:31'),(200040,'2023-08-22 00:31:31'),(200041,'2023-08-22 00:31:31'),(200042,'2023-08-22 00:31:31'),(200043,'2023-08-22 00:31:31'),(200044,'2023-08-22 00:31:31'),(200045,'2023-08-22 00:31:31'),(200046,'2023-08-22 00:31:31'),(200047,'2023-08-22 00:31:31'),(200048,'2023-08-22 00:31:31'),(200049,'2023-08-22 00:31:31'),(200050,'2023-08-22 00:31:31'),(200051,'2023-08-22 00:31:31'),(200052,'2023-08-22 00:31:31'),(200053,'2023-08-22 00:31:31'),(200054,'2023-08-22 00:31:31'),(200055,'2023-08-22 00:31:31'),(200056,'2023-08-22 00:31:31'),(200057,'2023-08-22 00:31:31'),(200058,'2023-08-22 00:31:31'),(200059,'2023-08-22 00:31:31'),(200060,'2023-08-22 00:31:31'),(200061,'2023-08-22 00:31:31'),(200062,'2023-08-22 00:31:31'),(200063,'2023-08-22 00:31:31'),(200064,'2023-08-22 00:31:31'),(200065,'2023-08-22 00:31:31'),(200066,'2023-08-22 00:31:31'),(200067,'2023-08-22 00:31:31'),(200068,'2023-08-22 00:31:31'),(200069,'2023-08-22 00:31:31'),(200070,'2023-08-22 00:31:31'),(200071,'2023-08-22 00:31:31'),(200072,'2023-08-22 00:31:31'),(200073,'2023-08-22 00:31:31'),(200074,'2023-08-22 00:31:31'),(200075,'2023-08-22 00:31:31'),(200076,'2023-08-22 00:31:31'),(200077,'2023-08-22 00:31:31'),(200078,'2023-08-22 00:31:31'),(200079,'2023-08-22 00:31:31'),(200080,'2023-08-22 00:31:31'),(200081,'2023-08-22 00:31:31'),(200082,'2023-08-22 00:31:31'),(200083,'2023-08-22 00:31:31'),(200084,'2023-08-22 00:31:31'),(200085,'2023-08-22 00:31:31'),(200086,'2023-08-22 00:31:31'),(200087,'2023-08-22 00:31:31'),(200088,'2023-08-22 00:31:31'),(200089,'2023-08-22 00:31:31'),(200090,'2023-08-22 00:31:31'),(200091,'2023-08-22 00:31:31'),(200092,'2023-08-22 00:31:31'),(200093,'2023-08-22 00:31:31'),(200094,'2023-08-22 00:31:31'),(200095,'2023-08-22 00:31:31'),(200096,'2023-08-22 00:31:31'),(200097,'2023-08-22 00:31:31'),(200098,'2023-08-22 00:31:31'),(200099,'2023-08-22 00:31:31'),(200100,'2023-08-22 00:31:31'),(200101,'2023-08-22 00:31:31'),(200102,'2023-08-22 00:31:31'),(200103,'2023-08-22 00:31:31'),(200104,'2023-08-22 00:31:31'),(200105,'2023-08-22 00:31:31'),(200106,'2023-08-22 00:31:31'),(200107,'2023-08-22 00:31:31'),(200108,'2023-08-22 00:31:31'),(200109,'2023-08-22 00:31:31'),(200110,'2023-08-22 00:31:31'),(200111,'2023-08-22 00:31:31'),(200112,'2023-08-22 00:31:31'),(200113,'2023-08-22 00:31:31'),(200114,'2023-08-22 00:31:31'),(200115,'2023-08-22 00:31:31'),(200116,'2023-08-22 00:31:31'),(200117,'2023-08-22 00:31:31'),(200118,'2023-08-22 00:31:31'),(200119,'2023-08-22 00:31:31'),(200120,'2023-08-22 00:31:31'),(200121,'2023-08-22 00:31:31'),(200122,'2023-08-22 00:31:31'),(200123,'2023-08-22 00:31:31'),(200124,'2023-08-22 00:31:31'),(200125,'2023-08-22 00:31:31'),(200126,'2023-08-22 00:31:31'),(200127,'2023-08-22 00:31:31'),(200128,'2023-08-22 00:31:31'),(200129,'2023-08-22 00:31:31'),(200130,'2023-08-22 00:31:31'),(200131,'2023-08-22 00:31:31'),(200132,'2023-08-22 00:31:31'),(200133,'2023-08-22 00:31:31'),(200134,'2023-08-22 00:31:31'),(200135,'2023-08-22 00:31:31'),(200136,'2023-08-22 00:31:31'),(200137,'2023-08-22 00:31:31'),(200138,'2023-08-22 00:31:31'),(200139,'2023-08-22 00:31:31'),(200140,'2023-08-22 00:31:31'),(200141,'2023-08-22 00:31:31'),(200142,'2023-08-22 00:31:31'),(200143,'2023-08-22 00:31:31'),(200144,'2023-08-22 00:31:31'),(200145,'2023-08-22 00:31:31'),(200146,'2023-08-22 00:31:31'),(200147,'2023-08-22 00:31:31'),(200148,'2023-08-22 00:31:31'),(200149,'2023-08-22 00:31:31'),(200150,'2023-08-22 00:31:31'),(200151,'2023-08-22 00:31:31'),(200152,'2023-08-22 00:31:31'),(200153,'2023-08-22 00:31:31'),(200154,'2023-08-22 00:31:31'),(200155,'2023-08-22 00:31:31'),(200156,'2023-08-22 00:31:31'),(200157,'2023-08-22 00:31:31'),(200158,'2023-08-22 00:31:31'),(200159,'2023-08-22 00:31:31'),(200160,'2023-08-22 00:31:31'),(200161,'2023-08-22 00:31:31'),(200162,'2023-08-22 00:31:31'),(200163,'2023-08-22 00:31:31'),(200164,'2023-08-22 00:31:31'),(200165,'2023-08-22 00:31:31'),(200166,'2023-08-22 00:31:31'),(200167,'2023-08-22 00:31:31'),(200168,'2023-08-22 00:31:31'),(200169,'2023-08-22 00:31:31'),(200170,'2023-08-22 00:31:31'),(200171,'2023-08-22 00:31:31'),(200172,'2023-08-22 00:31:31'),(200173,'2023-08-22 00:31:31'),(200174,'2023-08-22 00:31:31'),(200175,'2023-08-22 00:31:31'),(200176,'2023-08-22 00:31:31'),(200177,'2023-08-22 00:31:31'),(200178,'2023-08-22 00:31:31'),(200179,'2023-08-22 00:31:31'),(200180,'2023-08-22 00:31:31'),(200181,'2023-08-22 00:31:31'),(200182,'2023-08-22 00:31:31'),(200183,'2023-08-22 00:31:31'),(200184,'2023-08-22 00:31:31'),(200185,'2023-08-22 00:31:31'),(200186,'2023-08-22 00:31:31'),(200187,'2023-08-22 00:31:31'),(200188,'2023-08-22 00:31:31'),(200189,'2023-08-22 00:31:31'),(200190,'2023-08-22 00:31:31'),(200191,'2023-08-22 00:31:31'),(200192,'2023-08-22 00:31:31'),(200193,'2023-08-22 00:31:31'),(200194,'2023-08-22 00:31:31'),(200195,'2023-08-22 00:31:31'),(200196,'2023-08-22 00:31:31'),(200197,'2023-08-22 00:31:31'),(200198,'2023-08-22 00:31:31'),(200199,'2023-08-22 00:31:31'),(200200,'2023-08-22 00:31:31'),(200201,'2023-08-22 00:31:31'),(200202,'2023-08-22 00:31:31'),(200203,'2023-08-22 00:31:31'),(200204,'2023-08-22 00:31:31'),(200205,'2023-08-22 00:31:31'),(200206,'2023-08-22 00:31:31'),(200207,'2023-08-22 00:31:31'),(200208,'2023-08-22 00:31:31'),(200209,'2023-08-22 00:31:31'),(200210,'2023-08-22 00:31:31'),(200211,'2023-08-22 00:31:31'),(200212,'2023-08-22 00:31:31'),(200213,'2023-08-22 00:31:31'),(200214,'2023-08-22 00:31:31'),(200215,'2023-08-22 00:31:31'),(200216,'2023-08-22 00:31:31'),(200217,'2023-08-22 00:31:31'),(200218,'2023-08-22 00:31:31'),(200219,'2023-08-22 00:31:31'),(200220,'2023-08-22 00:31:31'),(200221,'2023-08-22 00:31:31'),(200222,'2023-08-22 00:31:31'),(200223,'2023-08-22 00:31:31'),(200224,'2023-08-22 00:31:31'),(200225,'2023-08-22 00:31:31'),(200226,'2023-08-22 00:31:31'),(200227,'2023-08-22 00:31:31'),(200228,'2023-08-22 00:31:31'),(200229,'2023-08-22 00:31:31'),(200230,'2023-08-22 00:31:31'),(200231,'2023-08-22 00:31:31'),(200232,'2023-08-22 00:31:31'),(200233,'2023-08-22 00:31:31'),(200234,'2023-08-22 00:31:31'),(200235,'2023-08-22 00:31:31'),(200236,'2023-08-22 00:31:31'),(200237,'2023-08-22 00:31:31'),(200238,'2023-08-22 00:31:31'),(200239,'2023-08-22 00:31:31'),(200240,'2023-08-22 00:31:31'),(200241,'2023-08-22 00:31:31'),(200242,'2023-08-22 00:31:31'),(200243,'2023-08-22 00:31:31'),(200244,'2023-08-22 00:31:31'),(200245,'2023-08-22 00:31:32'),(200246,'2023-08-22 00:31:32'),(200247,'2023-08-22 00:31:32'),(200248,'2023-08-22 00:31:32'),(200249,'2023-08-22 00:31:32'),(200250,'2023-08-22 00:31:32'),(200251,'2023-08-22 00:31:32'),(200252,'2023-08-22 00:31:32'),(200253,'2023-08-22 00:31:32'),(200254,'2023-08-22 00:31:32'),(200255,'2023-08-22 00:31:32'),(200256,'2023-08-22 00:31:32'),(200257,'2023-08-22 00:31:32'),(200258,'2023-08-22 00:31:32'),(200259,'2023-08-22 00:31:32'),(200260,'2023-08-22 00:31:32'),(200261,'2023-08-22 00:31:32'),(200262,'2023-08-22 00:31:32'),(200263,'2023-08-22 00:31:32'),(200264,'2023-08-22 00:31:32'),(200265,'2023-08-22 00:31:32'),(200266,'2023-08-22 00:31:32'),(200267,'2023-08-22 00:31:32'),(200268,'2023-08-22 00:31:32'),(200269,'2023-08-22 00:31:32'),(200270,'2023-08-22 00:31:32'),(200271,'2023-08-22 00:31:32'),(200272,'2023-08-22 00:31:32'),(200273,'2023-08-22 00:31:32'),(200274,'2023-08-22 00:31:32'),(200275,'2023-08-22 00:31:32'),(200276,'2023-08-22 00:31:32'),(200277,'2023-08-22 00:31:32'),(200278,'2023-08-22 00:31:32'),(200279,'2023-08-22 00:31:32'),(200280,'2023-08-22 00:31:32'),(200281,'2023-08-22 00:31:32'),(200282,'2023-08-22 00:31:32'),(200283,'2023-08-22 00:31:32'),(200284,'2023-08-22 00:31:32'),(200285,'2023-08-22 00:31:32'),(200286,'2023-08-22 00:31:32'),(200287,'2023-08-22 00:31:32'),(200288,'2023-08-22 00:31:32'),(200289,'2023-08-22 00:31:32'),(200290,'2023-08-22 00:31:32'),(200291,'2023-08-22 00:31:32'),(200292,'2023-08-22 00:31:32'),(200293,'2023-08-22 00:31:32'),(200294,'2023-08-22 00:31:32'),(200295,'2023-08-22 00:31:32'),(200296,'2023-08-22 00:31:32'),(200297,'2023-08-22 00:31:32'),(200298,'2023-08-22 00:31:32'),(200299,'2023-08-22 00:31:32'),(200300,'2023-08-22 00:31:32'),(200301,'2023-08-22 00:31:32'),(200302,'2023-08-22 00:31:32'),(200303,'2023-08-22 00:31:32'),(200304,'2023-08-22 00:31:32'),(200305,'2023-08-22 00:31:32'),(200306,'2023-08-22 00:31:32'),(200307,'2023-08-22 00:31:32'),(200308,'2023-08-22 00:31:32'),(200309,'2023-08-22 00:31:32'),(200310,'2023-08-22 00:31:32'),(200311,'2023-08-22 00:31:32'),(200312,'2023-08-22 00:31:32'),(200313,'2023-08-22 00:31:32'),(200314,'2023-08-22 00:31:32'),(200315,'2023-08-22 00:31:32'),(200316,'2023-08-22 00:31:32'),(200317,'2023-08-22 00:31:32'),(200318,'2023-08-22 00:31:32'),(200319,'2023-08-22 00:31:32'),(200320,'2023-08-22 00:31:32'),(200321,'2023-08-22 00:31:32'),(200322,'2023-08-22 00:31:32'),(200323,'2023-08-22 00:31:32'),(200324,'2023-08-22 00:31:32'),(200325,'2023-08-22 00:31:32'),(200326,'2023-08-22 00:31:32'),(200327,'2023-08-22 00:31:32'),(200328,'2023-08-22 00:31:32'),(200329,'2023-08-22 00:31:32'),(200330,'2023-08-22 00:31:32'),(200331,'2023-08-22 00:31:32'),(200332,'2023-08-22 00:31:32'),(200333,'2023-08-22 00:31:32'),(200334,'2023-08-22 00:31:32'),(200335,'2023-08-22 00:31:32'),(200336,'2023-08-22 00:31:32'),(200337,'2023-08-22 00:31:32'),(200338,'2023-08-22 00:31:32'),(200339,'2023-08-22 00:31:32'),(200340,'2023-08-22 00:31:32'),(200341,'2023-08-22 00:31:32'),(200342,'2023-08-22 00:31:32'),(200343,'2023-08-22 00:31:32'),(200344,'2023-08-22 00:31:32'),(200345,'2023-08-22 00:31:32'),(200346,'2023-08-22 00:31:32'),(200347,'2023-08-22 00:31:32'),(200348,'2023-08-22 00:31:32'),(200349,'2023-08-22 00:31:32'),(200350,'2023-08-22 00:31:32'),(200351,'2023-08-22 00:31:32'),(200352,'2023-08-22 00:31:33'),(200353,'2023-08-22 00:31:33'),(200354,'2023-08-22 00:31:33'),(200355,'2023-08-22 00:31:33'),(200356,'2023-08-22 00:31:33'),(200357,'2023-08-22 00:31:33'),(200358,'2023-08-22 00:31:33'),(200359,'2023-08-22 00:31:33'),(200360,'2023-08-22 00:31:33'),(200361,'2023-08-22 00:31:33'),(200362,'2023-08-22 00:31:33'),(200363,'2023-08-22 00:31:33'),(200364,'2023-08-22 00:31:33'),(200365,'2023-08-22 00:31:33'),(200366,'2023-08-22 00:31:33'),(200367,'2023-08-22 00:31:33'),(200368,'2023-08-22 00:31:33'),(200369,'2023-08-22 00:31:33'),(200370,'2023-08-22 00:31:33'),(200371,'2023-08-22 00:31:33'),(200372,'2023-08-22 00:31:33'),(200373,'2023-08-22 00:31:33'),(200374,'2023-08-22 00:31:33'),(200375,'2023-08-22 00:31:33'),(200376,'2023-08-22 00:31:33'),(200377,'2023-08-22 00:31:33'),(200378,'2023-08-22 00:31:33'),(200379,'2023-08-22 00:31:33'),(200380,'2023-08-22 00:31:33'),(200381,'2023-08-22 00:31:33'),(200382,'2023-08-22 00:31:33'),(200383,'2023-08-22 00:31:33'),(200384,'2023-08-22 00:31:33'),(200385,'2023-08-22 00:31:33'),(200386,'2023-08-22 00:31:33'),(200387,'2023-08-22 00:31:33'),(200388,'2023-08-22 00:31:33'),(200389,'2023-08-22 00:31:33'),(200390,'2023-08-22 00:31:33'),(200391,'2023-08-22 00:31:33'),(200392,'2023-08-22 00:31:34'),(200393,'2023-08-22 00:31:34'),(200394,'2023-08-22 00:31:34'),(200395,'2023-08-22 00:31:34'),(200396,'2023-08-22 00:31:34'),(200397,'2023-08-22 00:31:34'),(200398,'2023-08-22 00:31:34'),(200399,'2023-08-22 00:31:34'),(200400,'2023-08-22 00:31:34'),(200401,'2023-08-22 00:31:34'),(200402,'2023-08-22 00:31:34'),(200403,'2023-08-22 00:31:34'),(200404,'2023-08-22 00:31:34'),(200405,'2023-08-22 00:31:34'),(200406,'2023-08-22 00:31:38'),(200407,'2023-08-22 00:31:39'),(200408,'2023-08-22 00:31:39'),(200409,'2023-08-22 00:31:39'),(200410,'2023-08-22 00:31:39'),(200411,'2023-08-22 00:31:39'),(200412,'2023-08-22 00:31:39'),(200413,'2023-08-22 00:31:39'),(200414,'2023-08-22 00:31:39'),(200415,'2023-08-22 00:31:39'),(200416,'2023-08-22 00:31:39'),(200417,'2023-08-22 00:31:39'),(200418,'2023-08-22 00:31:39'),(200419,'2023-08-22 00:31:39'),(200420,'2023-08-22 00:31:39'),(200421,'2023-08-22 00:31:39'),(200422,'2023-08-22 00:31:39'),(200423,'2023-08-22 00:31:39'),(200424,'2023-08-22 00:31:39'),(200425,'2023-08-22 00:31:39'),(200426,'2023-08-22 00:31:39'),(200427,'2023-08-22 00:31:39'),(200428,'2023-08-22 00:31:39'),(200429,'2023-08-22 00:31:39'),(200430,'2023-08-22 00:31:39'),(200431,'2023-08-22 00:31:39'),(200432,'2023-08-22 00:31:40'),(200433,'2023-08-22 00:31:40'),(200434,'2023-08-22 00:31:40'),(200435,'2023-08-22 00:31:40'),(200436,'2023-08-22 00:31:40'),(200437,'2023-08-22 00:31:40'),(200438,'2023-08-22 00:31:41'),(200439,'2023-08-22 00:31:41'),(200440,'2023-08-22 00:31:41'),(200441,'2023-08-22 00:31:41'),(200442,'2023-08-22 00:31:41'),(200443,'2023-08-22 00:31:41'),(200444,'2023-08-22 00:31:41'),(200445,'2023-08-22 00:31:41'),(200446,'2023-08-22 00:31:41'),(200447,'2023-08-22 00:31:41'),(200448,'2023-08-22 00:31:41'),(200449,'2023-08-22 00:31:41'),(200450,'2023-08-22 00:31:41'),(200451,'2023-08-22 00:31:41'),(200452,'2023-08-22 00:31:41'),(200453,'2023-08-22 00:31:41'),(200454,'2023-08-22 00:31:41'),(200455,'2023-08-22 00:31:41'),(200456,'2023-08-22 00:31:41'),(200457,'2023-08-22 00:31:41'),(200458,'2023-08-22 00:31:41'),(200459,'2023-08-22 00:31:41'),(200460,'2023-08-22 00:31:41'),(200461,'2023-08-22 00:31:41'),(200462,'2023-08-22 00:31:41'),(200463,'2023-08-22 00:31:41'),(200464,'2023-08-22 00:31:41'),(200465,'2023-08-22 00:31:41'),(200466,'2023-08-22 00:31:41'),(200467,'2023-08-22 00:31:41'),(200468,'2023-08-22 00:31:41'),(200469,'2023-08-22 00:31:42'),(200470,'2023-08-22 00:31:42'),(200471,'2023-08-22 00:31:42'),(200472,'2023-08-22 00:31:42'),(200473,'2023-08-22 00:31:42'),(200474,'2023-08-22 00:31:42'),(200475,'2023-08-22 00:31:42'),(200476,'2023-08-22 00:31:42'),(200477,'2023-08-22 00:31:42'),(200478,'2023-08-22 00:31:42'),(200479,'2023-08-22 00:31:42'),(200480,'2023-08-22 00:31:42'),(200481,'2023-08-22 00:31:42'),(200482,'2023-08-22 00:31:42'),(200483,'2023-08-22 00:31:43'),(200484,'2023-08-22 00:31:43'),(200485,'2023-08-22 00:31:43'),(200486,'2023-08-22 00:31:43'),(200487,'2023-08-22 00:31:43'),(200488,'2023-08-22 00:31:43'),(200489,'2023-08-22 00:31:43'),(200490,'2023-08-22 00:31:43'),(200491,'2023-08-22 00:31:43'),(200492,'2023-08-22 00:31:43'),(200493,'2023-08-22 00:31:43'),(200494,'2023-08-22 00:31:43'),(200495,'2023-08-22 00:31:43'),(200496,'2023-08-22 00:31:43'),(200497,'2023-08-22 00:31:43'),(200498,'2023-08-22 00:31:43'),(200499,'2023-08-22 00:31:43'),(200500,'2023-08-22 00:31:43'),(200501,'2023-08-22 00:31:43'),(200502,'2023-08-22 00:31:43'),(200503,'2023-08-22 00:31:43'),(200504,'2023-08-22 00:31:43'),(200505,'2023-08-22 00:31:43'),(200506,'2023-08-22 00:31:43'),(200507,'2023-08-22 00:31:43'),(200508,'2023-08-22 00:31:43'),(200509,'2023-08-22 00:31:43'),(200510,'2023-08-22 00:31:43'),(200511,'2023-08-22 00:31:43'),(200512,'2023-08-22 00:31:43'),(200513,'2023-08-22 00:31:43'),(200514,'2023-08-22 00:31:43'),(200515,'2023-08-22 00:31:43'),(200516,'2023-08-22 00:31:43'),(200517,'2023-08-22 00:31:44'),(200518,'2023-08-22 00:31:44'),(200519,'2023-08-22 00:31:44'),(200520,'2023-08-22 00:31:44'),(200521,'2023-08-22 00:31:44'),(200522,'2023-08-22 00:31:44'),(200523,'2023-08-22 00:31:44'),(200524,'2023-08-22 00:31:44'),(200525,'2023-08-22 00:31:44'),(200526,'2023-08-22 00:31:44'),(200527,'2023-08-22 00:31:44'),(200528,'2023-08-22 00:31:44'),(200529,'2023-08-22 00:31:44'),(200530,'2023-08-22 00:31:44'),(200531,'2023-08-22 00:31:45'),(200532,'2023-08-22 00:31:45'),(200533,'2023-08-22 00:31:45'),(200534,'2023-08-22 00:31:45'),(200535,'2023-08-22 00:31:45'),(200536,'2023-08-22 00:31:45'),(200537,'2023-08-22 00:31:45'),(200538,'2023-08-22 00:31:45'),(200539,'2023-08-22 00:31:45'),(200540,'2023-08-22 00:31:45'),(200541,'2023-08-22 00:31:46'),(200542,'2023-08-22 00:31:46'),(200543,'2023-08-22 00:31:46'),(200544,'2023-08-22 00:31:46'),(200545,'2023-08-22 00:31:46'),(200546,'2023-08-22 00:31:46'),(200547,'2023-08-22 00:31:46'),(200548,'2023-08-22 00:31:46'),(200549,'2023-08-22 00:31:46'),(200550,'2023-08-22 00:31:46'),(200551,'2023-08-22 00:31:46'),(200552,'2023-08-22 00:31:46'),(200553,'2023-08-22 00:31:46'),(200554,'2023-08-22 00:31:46'),(200555,'2023-08-22 00:31:46'),(200556,'2023-08-22 00:31:46'),(200557,'2023-08-22 00:31:46'),(200558,'2023-08-22 00:31:46'),(200559,'2023-08-22 00:31:46'),(200560,'2023-08-22 00:31:46'),(200561,'2023-08-22 00:31:46'),(200562,'2023-08-22 00:31:46'),(200563,'2023-08-22 00:31:46'),(200564,'2023-08-22 00:31:46'),(200565,'2023-08-22 00:31:46'),(200566,'2023-08-22 00:31:47'),(200567,'2023-08-22 00:31:47'),(200568,'2023-08-22 00:31:47'),(200569,'2023-08-22 00:31:47'),(200570,'2023-08-22 00:31:47'),(200571,'2023-08-22 00:31:47'),(200572,'2023-08-22 00:31:47'),(200573,'2023-08-22 00:31:47'),(200574,'2023-08-22 00:31:47'),(200575,'2023-08-22 00:31:47'),(200576,'2023-08-22 00:31:47'),(200577,'2023-08-22 00:31:47'),(200578,'2023-08-22 00:31:47'),(200579,'2023-08-22 00:31:47'),(200580,'2023-08-22 00:31:47'),(200581,'2023-08-22 00:31:47'),(200582,'2023-08-22 00:31:47'),(200583,'2023-08-22 00:31:47'),(200584,'2023-08-22 00:31:47'),(200585,'2023-08-22 00:31:47'),(200586,'2023-08-22 00:31:47'),(200587,'2023-08-22 00:31:47'),(200588,'2023-08-22 00:31:47'),(200589,'2023-08-22 00:31:47'),(200590,'2023-08-22 00:31:47'),(200591,'2023-08-22 00:31:47'),(200592,'2023-08-22 00:31:47'),(200593,'2023-08-22 00:31:47'),(200594,'2023-08-22 00:31:47'),(200595,'2023-08-22 00:31:47'),(200596,'2023-08-22 00:31:48'),(200597,'2023-08-22 00:31:48'),(200598,'2023-08-22 00:31:48'),(200599,'2023-08-22 00:31:48'),(200600,'2023-08-22 00:31:48'),(200601,'2023-08-22 00:31:48'),(200602,'2023-08-22 00:31:48'),(200603,'2023-08-22 00:31:48'),(200604,'2023-08-22 00:31:48'),(200605,'2023-08-22 00:31:48'),(200606,'2023-08-22 00:31:48'),(200607,'2023-08-22 00:31:48'),(200608,'2023-08-22 00:31:48'),(200609,'2023-08-22 00:31:48'),(200610,'2023-08-22 00:31:48'),(200611,'2023-08-22 00:31:48'),(200612,'2023-08-22 00:31:49'),(200613,'2023-08-22 00:31:49'),(200614,'2023-08-22 00:31:49'),(200615,'2023-08-22 00:31:49'),(200616,'2023-08-22 00:31:49'),(200617,'2023-08-22 00:31:49'),(200618,'2023-08-22 00:31:49'),(200619,'2023-08-22 00:31:49'),(200620,'2023-08-22 00:31:50'),(200621,'2023-08-22 00:31:50'),(200622,'2023-08-22 00:31:50'),(200623,'2023-08-22 00:31:50'),(200624,'2023-08-22 00:31:50'),(200625,'2023-08-22 00:31:50'),(200626,'2023-08-22 00:31:50'),(200627,'2023-08-22 00:31:50'),(200628,'2023-08-22 00:31:50'),(200629,'2023-08-22 00:31:50'),(200630,'2023-08-22 00:31:50'),(200631,'2023-08-22 00:31:50'),(200632,'2023-08-22 00:31:50'),(200633,'2023-08-22 00:31:50'),(200634,'2023-08-22 00:31:51'),(200635,'2023-08-22 00:31:51'),(200636,'2023-08-22 00:31:51'),(200637,'2023-08-22 00:31:51'),(200638,'2023-08-22 00:31:51'),(200639,'2023-08-22 00:31:51'),(200640,'2023-08-22 00:31:51'),(200641,'2023-08-22 00:31:51'),(200642,'2023-08-22 00:31:51'),(200643,'2023-08-22 00:31:51'),(200644,'2023-08-22 00:31:51'),(200645,'2023-08-22 00:31:51'),(200646,'2023-08-22 00:31:51'),(200647,'2023-08-22 00:31:51'),(200648,'2023-08-22 00:31:51'),(200649,'2023-08-22 00:31:51'),(200650,'2023-08-22 00:31:51'),(200651,'2023-08-22 00:31:51'),(200652,'2023-08-22 00:31:51'),(200653,'2023-08-22 00:31:51'),(200654,'2023-08-22 00:31:51'),(200655,'2023-08-22 00:31:51'),(200656,'2023-08-22 00:31:51'),(200657,'2023-08-22 00:31:51'),(200658,'2023-08-22 00:31:51'),(200659,'2023-08-22 00:31:52'),(200660,'2023-08-22 00:31:52'),(200661,'2023-08-22 00:31:52'),(200662,'2023-08-22 00:31:52'),(200663,'2023-08-22 00:31:52'),(200664,'2023-08-22 00:31:52'),(200665,'2023-08-22 00:31:52'),(200666,'2023-08-22 00:31:52'),(200667,'2023-08-22 00:31:52'),(200668,'2023-08-22 00:31:52'),(200669,'2023-08-22 00:31:52'),(200670,'2023-08-22 00:31:52'),(200671,'2023-08-22 00:31:52'),(200672,'2023-08-22 00:31:52'),(200673,'2023-08-22 00:31:55'),(200674,'2023-08-22 00:31:55'),(200675,'2023-08-22 00:31:55'),(200676,'2023-08-22 00:31:55'),(200677,'2023-08-22 00:31:55'),(200678,'2023-08-22 00:31:55'),(200679,'2023-08-22 00:31:55'),(200680,'2023-08-22 00:31:55'),(200681,'2023-08-22 00:31:55'),(200682,'2023-08-22 00:31:55'),(200683,'2023-08-22 00:31:55'),(200684,'2023-08-22 00:31:55'),(200685,'2023-08-22 00:31:55'),(200686,'2023-08-22 00:31:55'),(200687,'2023-08-22 00:31:55'),(200688,'2023-08-22 00:31:55'),(200689,'2023-08-22 00:31:55'),(200690,'2023-08-22 00:31:55'),(200691,'2023-08-22 00:31:55'),(200692,'2023-08-22 00:31:55'),(200693,'2023-08-22 00:31:55'),(200694,'2023-08-22 00:31:55'),(200695,'2023-08-22 00:31:55'),(200696,'2023-08-22 00:31:55'),(200697,'2023-08-22 00:31:55'),(200698,'2023-08-22 00:31:56'),(200699,'2023-08-22 00:31:56'),(200700,'2023-08-22 00:31:56'),(200701,'2023-08-22 00:31:56'),(200702,'2023-08-22 00:31:56'),(200703,'2023-08-22 00:31:56'),(200704,'2023-08-22 00:31:56'),(200705,'2023-08-22 00:31:56'),(200706,'2023-08-22 00:31:56'),(200707,'2023-08-22 00:31:56'),(200708,'2023-08-22 00:31:56'),(200709,'2023-08-22 00:31:56'),(200710,'2023-08-22 00:31:56'),(200711,'2023-08-22 00:31:56'),(200712,'2023-08-22 00:31:56'),(200713,'2023-08-22 00:31:56'),(200714,'2023-08-22 00:31:56'),(200715,'2023-08-22 00:31:56'),(200716,'2023-08-22 00:31:56'),(200717,'2023-08-22 00:31:56'),(200718,'2023-08-22 00:31:56'),(200719,'2023-08-22 00:31:56'),(200720,'2023-08-22 00:31:56'),(200721,'2023-08-22 00:31:56'),(200722,'2023-08-22 00:31:56'),(200723,'2023-08-22 00:31:57'),(200724,'2023-08-22 00:31:57'),(200725,'2023-08-22 00:31:57'),(200726,'2023-08-22 00:31:57'),(200727,'2023-08-22 00:31:57'),(200728,'2023-08-22 00:31:57'),(200729,'2023-08-22 00:31:57'),(200730,'2023-08-22 00:31:57'),(200731,'2023-08-22 00:31:57'),(200732,'2023-08-22 00:31:57'),(200733,'2023-08-22 00:31:57'),(200734,'2023-08-22 00:31:57'),(200735,'2023-08-22 00:31:57'),(200736,'2023-08-22 00:31:58'),(200737,'2023-08-22 00:31:58'),(200738,'2023-08-22 00:31:58'),(200739,'2023-08-22 00:31:58'),(200740,'2023-08-22 00:31:58'),(200741,'2023-08-22 00:31:58'),(200742,'2023-08-22 00:31:58'),(200743,'2023-08-22 00:31:59'),(200744,'2023-08-22 00:31:59'),(200745,'2023-08-22 00:31:59'),(200746,'2023-08-22 00:31:59'),(200747,'2023-08-22 00:31:59'),(200748,'2023-08-22 00:31:59'),(200749,'2023-08-22 00:31:59'),(200750,'2023-08-22 00:31:59'),(200751,'2023-08-22 00:31:59'),(200752,'2023-08-22 00:31:59'),(200753,'2023-08-22 00:31:59'),(200754,'2023-08-22 00:32:01'),(200755,'2023-08-22 00:32:01'),(200756,'2023-08-22 00:32:01'),(200757,'2023-08-22 00:32:01'),(200758,'2023-08-22 00:32:01'),(200759,'2023-08-22 00:32:01'),(200760,'2023-08-22 00:32:01'),(200761,'2023-08-22 00:32:01'),(200762,'2023-08-22 00:32:01'),(200763,'2023-08-22 00:32:02'),(200764,'2023-08-22 00:32:02'),(200765,'2023-08-22 00:32:02'),(200766,'2023-08-22 00:32:02'),(200767,'2023-08-22 00:32:02'),(200768,'2023-08-22 00:32:02'),(200769,'2023-08-22 00:32:02'),(200770,'2023-08-22 00:32:02'),(200771,'2023-08-22 00:32:02'),(200772,'2023-08-22 00:32:02'),(200773,'2023-08-22 00:32:02'),(200774,'2023-08-22 00:32:02'),(200775,'2023-08-22 00:32:02'),(200776,'2023-08-22 00:32:02'),(200777,'2023-08-22 00:32:02'),(200778,'2023-08-22 00:32:04'),(200779,'2023-08-22 00:32:04'),(200780,'2023-08-22 00:32:04'),(200781,'2023-08-22 00:32:04'),(200782,'2023-08-22 00:32:09'),(200783,'2023-08-22 00:32:09'),(200784,'2023-08-22 00:32:09'),(200785,'2023-08-22 00:32:09'),(200786,'2023-08-22 00:32:09'),(200787,'2023-08-22 00:32:10'),(200788,'2023-08-22 00:32:10'),(200789,'2023-08-22 00:32:10'),(200790,'2023-08-22 00:32:11'),(200791,'2023-08-22 00:32:11'),(200792,'2023-08-22 00:32:11'),(200793,'2023-08-22 00:32:11'),(200794,'2023-08-22 00:32:11'),(200795,'2023-08-22 00:32:11'),(200796,'2023-08-22 00:32:11'),(200797,'2023-08-22 00:32:12'),(200798,'2023-08-22 00:32:12'),(200799,'2023-08-22 00:32:12'),(200800,'2023-08-22 00:32:12'),(200801,'2023-08-22 00:32:12'),(200802,'2023-08-22 00:32:12'),(200803,'2023-08-22 00:32:12'),(200809,'2023-10-25 20:57:58'),(200810,'2023-10-25 21:07:58'),(200811,'2023-10-25 21:07:58'),(200812,'2023-10-25 21:07:58'),(200813,'2023-10-25 21:07:58'),(200814,'2023-10-25 21:07:58'),(200815,'2023-10-25 21:07:58'),(200816,'2023-10-25 21:07:58'),(200817,'2023-10-25 21:07:58'),(200818,'2023-10-25 21:07:58'),(200819,'2023-10-25 21:07:58'),(200820,'2023-10-25 21:07:58'),(200821,'2023-10-25 21:07:59'),(200822,'2023-10-25 21:07:59'),(200823,'2023-10-25 21:07:59'),(200824,'2023-10-25 21:07:59'),(200825,'2023-10-25 21:07:59'),(200826,'2023-10-25 21:07:59'),(200827,'2023-10-25 21:07:59'),(200828,'2023-10-25 21:07:59'),(200829,'2023-10-25 21:07:59'),(200830,'2023-10-25 21:07:59'),(200831,'2023-10-25 21:07:59'),(200832,'2023-10-25 21:07:59'),(200833,'2023-10-25 21:07:59'),(200834,'2023-10-25 21:07:59'),(200835,'2023-10-25 21:07:59'),(200836,'2023-10-25 21:07:59'),(200837,'2023-10-25 21:07:59'),(200838,'2023-10-25 21:07:59'),(200839,'2023-10-25 21:07:59'),(200840,'2023-10-25 21:07:59'),(200841,'2023-10-25 21:07:59'),(200842,'2023-10-25 21:07:59'),(200843,'2023-10-25 21:07:59'),(200844,'2023-10-25 21:07:59'),(200845,'2023-10-25 21:07:59'),(200846,'2023-10-25 21:07:59'),(200847,'2023-10-25 21:07:59'),(200848,'2023-10-25 21:07:59'),(200849,'2023-10-25 21:07:59'),(200850,'2023-10-25 21:07:59'),(200851,'2023-10-25 21:07:59'),(200852,'2023-10-25 21:07:59'),(200853,'2023-10-25 21:07:59'),(200854,'2023-10-25 21:07:59'),(200855,'2023-10-25 21:07:59'),(200856,'2023-10-25 21:07:59'),(200857,'2023-10-25 21:07:59'),(200858,'2023-10-25 21:08:00'),(200859,'2023-10-25 21:08:00'),(200860,'2023-10-25 21:08:00'),(200861,'2023-10-25 21:08:00'),(200862,'2023-10-25 21:08:00'),(200863,'2023-10-25 21:08:00'),(200864,'2023-10-25 21:08:00'),(200865,'2023-10-25 21:08:00'),(200866,'2023-10-25 21:08:00'),(200867,'2023-10-25 21:08:00'),(200868,'2023-10-25 21:08:00'),(200869,'2023-10-25 21:08:00'),(200870,'2023-10-25 21:08:00'),(200871,'2023-10-25 21:08:00'),(200872,'2023-10-25 21:08:00'),(200873,'2023-10-25 21:08:00'),(200874,'2023-10-25 21:08:00'),(200875,'2023-10-25 21:08:00'),(200876,'2023-10-25 21:08:00'),(200877,'2023-10-25 21:08:00'),(200878,'2023-10-25 21:08:00'),(200879,'2023-10-25 21:08:00'),(200880,'2023-10-25 21:08:00'),(200881,'2023-10-25 21:08:00'),(200882,'2023-10-25 21:08:00'),(200883,'2023-10-25 21:08:00'),(200884,'2023-10-25 21:08:00'),(200885,'2023-10-25 21:08:00'),(200886,'2023-10-25 21:08:00'),(200887,'2023-10-25 21:08:00'),(200888,'2023-10-25 21:08:00'),(200889,'2023-10-25 21:08:00'),(200890,'2023-10-25 21:08:00'),(200891,'2023-10-25 21:08:00'),(200892,'2023-10-25 21:08:00'),(200893,'2023-10-25 21:08:01'),(200894,'2023-10-25 21:08:01'),(200895,'2023-10-25 21:08:01'),(200896,'2023-10-25 21:08:01'),(200897,'2023-10-25 21:08:01'),(200898,'2023-10-25 21:08:01'),(200899,'2023-10-25 21:08:01'),(200900,'2023-10-25 21:08:01'),(200901,'2023-10-25 21:08:01'),(200902,'2023-10-25 21:08:01'),(200903,'2023-10-25 21:08:01'),(200904,'2023-10-25 21:08:01'),(200905,'2023-10-25 21:08:01'),(200906,'2023-10-25 21:08:01'),(200907,'2023-10-25 21:08:01'),(200908,'2023-10-25 21:08:01'),(200909,'2023-10-25 21:08:01'),(200910,'2023-10-25 21:08:01'),(200911,'2023-10-25 21:08:01'),(200912,'2023-10-25 21:08:01'),(200913,'2023-10-25 21:08:01'),(200914,'2023-10-25 21:08:01'),(200915,'2023-10-25 21:08:01'),(200916,'2023-10-25 21:08:02'),(200917,'2023-10-25 21:08:02'),(200918,'2023-10-25 21:08:02'),(200919,'2023-10-25 21:08:02'),(200920,'2023-10-25 21:08:02'),(200921,'2023-10-25 21:08:02'),(200922,'2023-10-25 21:08:02'),(200923,'2023-10-25 21:08:02'),(200924,'2023-10-25 21:08:02'),(200925,'2023-10-25 21:08:02'),(200926,'2023-10-25 21:08:02'),(200927,'2023-10-25 21:08:02'),(200928,'2023-10-25 21:08:02'),(200929,'2023-10-25 21:08:02'),(200930,'2023-10-25 21:08:02'),(200931,'2023-10-25 21:08:02'),(200932,'2023-10-25 21:08:03'),(200933,'2023-10-25 21:08:03'),(200934,'2023-10-25 21:08:03'),(200935,'2023-10-25 21:08:03'),(200936,'2023-10-25 21:08:03'),(200937,'2023-10-25 21:08:03'),(200938,'2023-10-25 21:08:03'),(200939,'2023-10-25 21:08:03'),(200940,'2023-10-25 21:08:03'),(200941,'2023-10-25 21:08:03'),(200942,'2023-10-25 21:08:03'),(200943,'2023-10-25 21:08:03'),(200944,'2023-10-25 21:08:03'),(200945,'2023-10-25 21:08:03'),(200946,'2023-10-25 21:08:03'),(200947,'2023-10-25 21:08:03'),(200948,'2023-10-25 21:08:03'),(200949,'2023-10-25 21:08:03'),(200950,'2023-10-25 21:08:03'),(200951,'2023-10-25 21:08:03'),(200952,'2023-10-25 21:08:03'),(200953,'2023-10-25 21:08:03'),(200954,'2023-10-25 21:08:03'),(200955,'2023-10-25 21:08:03'),(200956,'2023-10-25 21:08:04'),(200957,'2023-10-25 21:08:04'),(200958,'2023-10-25 21:08:04'),(200959,'2023-10-25 21:08:04'),(200960,'2023-10-25 21:08:04'),(200961,'2023-10-25 21:08:04'),(200962,'2023-10-25 21:08:04'),(200963,'2023-10-25 21:08:04'),(200964,'2023-10-25 21:08:04'),(200965,'2023-10-25 21:08:04'),(200966,'2023-10-25 21:08:04'),(200967,'2023-10-25 21:08:04'),(200968,'2023-10-25 21:08:04'),(200969,'2023-10-25 21:08:04'),(200970,'2023-10-25 21:08:04'),(200971,'2023-10-25 21:08:04'),(200972,'2023-10-25 21:08:04'),(200973,'2023-10-25 21:08:04'),(200974,'2023-10-25 21:08:04'),(200975,'2023-10-25 21:08:04'),(200976,'2023-10-25 21:08:04'),(200977,'2023-10-25 21:08:04'),(200978,'2023-10-25 21:08:04'),(200979,'2023-10-25 21:08:04'),(200980,'2023-10-25 21:08:04'),(200981,'2023-10-25 21:08:05'),(200982,'2023-10-25 21:08:05'),(200983,'2023-10-25 21:08:05'),(200984,'2023-10-25 21:08:05'),(200985,'2023-10-25 21:08:05'),(200986,'2023-10-25 21:08:05'),(200987,'2023-10-25 21:08:05'),(200988,'2023-10-25 21:08:05'),(200989,'2023-10-25 21:08:05'),(200990,'2023-10-25 21:08:05'),(200991,'2023-10-25 21:08:05'),(200992,'2023-10-25 21:08:05'),(200993,'2023-10-25 21:08:05'),(200994,'2023-10-25 21:08:05'),(200995,'2023-10-25 21:08:05'),(200996,'2023-10-25 21:08:05'),(200997,'2023-10-25 21:08:05'),(200998,'2023-10-25 21:08:06'),(200999,'2023-10-25 21:08:06'),(201000,'2023-10-25 21:08:06'),(201001,'2023-10-25 21:08:06'),(201002,'2023-10-25 21:08:06'),(201003,'2023-10-25 21:08:06'),(201004,'2023-10-25 21:08:06'),(201005,'2023-10-25 21:08:06'),(201006,'2023-10-25 21:08:06'),(201007,'2023-10-25 21:08:06'),(201008,'2023-10-25 21:08:07'),(201009,'2023-10-25 21:08:07'),(201010,'2023-10-25 21:08:07'),(201011,'2023-10-25 21:08:07'),(201012,'2023-10-25 21:08:08'),(201013,'2023-10-25 21:08:08'),(201014,'2023-10-25 21:08:08'),(201015,'2023-10-25 21:08:09'),(201016,'2023-10-25 21:08:09'),(201017,'2023-10-25 21:08:09'),(201018,'2023-10-25 21:08:10'),(201019,'2023-10-25 21:08:10'),(201020,'2023-10-25 21:08:10'),(201021,'2023-10-25 21:08:11'),(201022,'2023-10-25 21:08:11'),(201023,'2023-10-25 21:08:11'),(201024,'2023-10-25 21:08:12'),(201025,'2023-10-25 21:08:12'),(201026,'2023-10-25 21:08:12'),(201027,'2023-10-25 21:08:12'),(201028,'2023-10-25 21:08:12'),(201029,'2023-10-25 21:08:13'),(201030,'2023-10-25 21:08:13'),(201031,'2023-10-25 21:08:13'),(201032,'2023-10-25 21:08:13'),(201033,'2023-10-25 21:08:13'),(201034,'2023-10-25 21:08:14'),(201035,'2023-10-25 21:08:14'),(201036,'2023-10-25 21:08:14'),(201037,'2023-10-25 21:08:14'),(201038,'2023-10-25 21:08:15'),(201039,'2023-10-25 21:08:15'),(201040,'2023-10-25 21:08:15'),(201041,'2023-10-25 21:08:15'),(201042,'2023-10-25 21:08:15'),(201043,'2023-10-25 21:08:15'),(201044,'2023-10-25 21:08:16'),(201045,'2023-10-25 21:08:16'),(201046,'2023-10-25 21:08:16'),(201047,'2023-10-25 21:08:16'),(201048,'2023-10-25 21:08:17'),(201049,'2023-10-25 21:08:19'),(201050,'2023-10-25 21:08:19'),(201051,'2023-10-25 21:08:19'),(201052,'2023-10-25 21:08:19'),(201053,'2023-10-25 21:08:20'),(201054,'2023-10-25 21:08:20'),(201055,'2023-10-25 21:08:20'),(201056,'2023-10-25 21:08:20'),(201057,'2023-10-25 21:08:20'),(201058,'2023-10-25 21:08:20'),(201059,'2023-10-25 21:08:20'),(201060,'2023-10-25 21:08:20'),(201061,'2023-10-25 21:08:20'),(201062,'2023-10-25 21:08:20'),(201063,'2023-10-25 21:08:20'),(201064,'2023-10-25 21:08:20'),(201065,'2023-10-25 21:08:20'),(201066,'2023-10-25 21:08:20'),(201067,'2023-10-25 21:08:20'),(201068,'2023-10-25 21:08:20'),(201069,'2023-10-25 21:08:20'),(201070,'2023-10-25 21:08:20'),(201071,'2023-10-25 21:08:20'),(201072,'2023-10-25 21:08:20'),(201073,'2023-10-25 21:08:20'),(201074,'2023-10-25 21:08:20'),(201075,'2023-10-25 21:08:20'),(201076,'2023-10-25 21:08:20'),(201077,'2023-10-25 21:08:20'),(201078,'2023-10-25 21:08:20'),(201079,'2023-10-25 21:08:21'),(201080,'2023-10-25 21:08:21'),(201081,'2023-10-25 21:08:21'),(201082,'2023-10-25 21:08:21'),(201083,'2023-10-25 21:08:21'),(201084,'2023-10-25 21:08:21'),(201085,'2023-10-25 21:08:21'),(201086,'2023-10-25 21:08:21'),(201087,'2023-10-25 21:08:21'),(201088,'2023-10-25 21:08:21'),(201089,'2023-10-25 21:08:21'),(201090,'2023-10-25 21:08:21'),(201091,'2023-10-25 21:08:21'),(201092,'2023-10-25 21:08:21'),(201093,'2023-10-25 21:08:21'),(201094,'2023-10-25 21:08:21'),(201095,'2023-10-25 21:08:21'),(201096,'2023-10-25 21:08:21'),(201097,'2023-10-25 21:08:21'),(201098,'2023-10-25 21:08:21'),(201099,'2023-10-25 21:08:21'),(201100,'2023-10-25 21:08:21'),(201101,'2023-10-25 21:08:21'),(201102,'2023-10-25 21:08:21'),(201103,'2023-10-25 21:08:22'),(201104,'2023-10-25 21:08:22'),(201105,'2023-10-25 21:08:22'),(201106,'2023-10-25 21:08:22'),(201107,'2023-10-25 21:08:22'),(201108,'2023-10-25 21:08:22'),(201109,'2023-10-25 21:08:22'),(201110,'2023-10-25 21:08:22'),(201111,'2023-10-25 21:08:22'),(201112,'2023-10-25 21:08:22'),(201113,'2023-10-25 21:08:22'),(201114,'2023-10-25 21:08:22'),(201115,'2023-10-25 21:08:22'),(201116,'2023-10-25 21:08:22'),(201117,'2023-10-25 21:08:22'),(201118,'2023-10-25 21:08:22'),(201119,'2023-10-25 21:08:22'),(201120,'2023-10-25 21:08:22'),(201121,'2023-10-25 21:08:22'),(201122,'2023-10-25 21:08:22'),(201123,'2023-10-25 21:08:22'),(201124,'2023-10-25 21:08:22'),(201125,'2023-10-25 21:08:23'),(201126,'2023-10-25 21:08:23'),(201127,'2023-10-25 21:08:23'),(201128,'2023-10-25 21:08:23'),(201129,'2023-10-25 21:08:23'),(201130,'2023-10-25 21:08:23'),(201131,'2023-10-25 21:08:23'),(201132,'2023-10-25 21:08:23'),(201133,'2023-10-25 21:08:23'),(201134,'2023-10-25 21:08:23'),(201135,'2023-10-25 21:08:24'),(201136,'2023-10-25 21:08:24'),(201137,'2023-10-25 21:08:24'),(201138,'2023-10-25 21:08:24'),(201139,'2023-10-25 21:08:24'),(201140,'2023-10-25 21:08:24'),(201141,'2023-10-25 21:08:24'),(201142,'2023-10-25 21:08:24'),(201143,'2023-10-25 21:08:24'),(201144,'2023-10-25 21:08:24'),(201145,'2023-10-25 21:08:24'),(201146,'2023-10-25 21:08:25'),(201147,'2023-10-25 21:08:25'),(201148,'2023-10-25 21:08:25'),(201149,'2023-10-25 21:08:25'),(201150,'2023-10-25 21:08:25'),(201151,'2023-10-25 21:08:25'),(201152,'2023-10-25 21:08:25'),(201153,'2023-10-25 21:08:25'),(201154,'2023-10-25 21:08:25'),(201155,'2023-10-25 21:08:25'),(201156,'2023-10-25 21:08:25'),(201157,'2023-10-25 21:08:25'),(201158,'2023-10-25 21:08:25'),(201159,'2023-10-25 21:08:25'),(201160,'2023-10-25 21:08:25'),(201161,'2023-10-25 21:08:25'),(201162,'2023-10-25 21:08:26'),(201163,'2023-10-25 21:08:26'),(201164,'2023-10-25 21:08:26'),(201165,'2023-10-25 21:08:26'),(201166,'2023-10-25 21:08:26'),(201167,'2023-10-25 21:08:26'),(201168,'2023-10-25 21:08:26'),(201169,'2023-10-25 21:08:26'),(201170,'2023-10-25 21:08:26'),(201171,'2023-10-25 21:08:26'),(201172,'2023-10-25 21:08:26'),(201173,'2023-10-25 21:08:26'),(201174,'2023-10-25 21:08:26'),(201175,'2023-10-25 21:08:26'),(201176,'2023-10-25 21:08:26'),(201177,'2023-10-25 21:08:26'),(201178,'2023-10-25 21:08:26'),(201179,'2023-10-25 21:08:26'),(201180,'2023-10-25 21:08:26'),(201181,'2023-10-25 21:08:26'),(201182,'2023-10-25 21:08:26'),(201183,'2023-10-25 21:08:26'),(201184,'2023-10-25 21:08:27'),(201185,'2023-10-25 21:08:27'),(201186,'2023-10-25 21:08:27'),(201187,'2023-10-25 21:08:27'),(201188,'2023-10-25 21:08:27'),(201189,'2023-10-25 21:08:27'),(201190,'2023-10-25 21:08:27'),(201191,'2023-10-25 21:08:27'),(201192,'2023-10-25 21:08:27'),(201193,'2023-10-25 21:08:27'),(201194,'2023-10-25 21:08:27'),(201195,'2023-10-25 21:08:27'),(201196,'2023-10-25 21:08:27'),(201197,'2023-10-25 21:08:27'),(201198,'2023-10-25 21:08:27'),(201199,'2023-10-25 21:08:27'),(201200,'2023-10-25 21:08:27'),(201201,'2023-10-25 21:08:27'),(201202,'2023-10-25 21:08:27'),(201203,'2023-10-25 21:08:27'),(201204,'2023-10-25 21:08:27'),(201205,'2023-10-25 21:08:28'),(201206,'2023-10-25 21:08:28'),(201207,'2023-10-25 21:08:28'),(201208,'2023-10-25 21:08:28'),(201209,'2023-10-25 21:08:28'),(201210,'2023-10-25 21:08:28'),(201211,'2023-10-25 21:08:28'),(201212,'2023-10-25 21:08:28'),(201213,'2023-10-25 21:08:28'),(201214,'2023-10-25 21:08:28'),(201215,'2023-10-25 21:08:28'),(201216,'2023-10-25 21:08:28'),(201217,'2023-10-25 21:08:28'),(201218,'2023-10-25 21:08:28'),(201219,'2023-10-25 21:08:28'),(201220,'2023-10-25 21:08:28'),(201221,'2023-10-25 21:08:28'),(201222,'2023-10-25 21:08:28'),(201223,'2023-10-25 21:08:28'),(201224,'2023-10-25 21:08:28'),(201225,'2023-10-25 21:08:28'),(201226,'2023-10-25 21:08:28'),(201227,'2023-10-25 21:08:28'),(201228,'2023-10-25 21:08:28'),(201229,'2023-10-25 21:08:28'),(201230,'2023-10-25 21:08:28'),(201231,'2023-10-25 21:08:28'),(201232,'2023-10-25 21:08:29'),(201233,'2023-10-25 21:08:29'),(201234,'2023-10-25 21:08:29'),(201235,'2023-10-25 21:08:29'),(201236,'2023-10-25 21:08:29'),(201237,'2023-10-25 21:08:29'),(201238,'2023-10-25 21:08:29'),(201239,'2023-10-25 21:08:29'),(201240,'2023-10-25 21:08:29'),(201241,'2023-10-25 21:08:29'),(201242,'2023-10-25 21:08:29'),(201243,'2023-10-25 21:08:29'),(201244,'2023-10-25 21:08:29'),(201245,'2023-10-25 21:08:29'),(201246,'2023-10-25 21:08:29'),(201247,'2023-10-25 21:08:29'),(201248,'2023-10-25 21:08:29'),(201249,'2023-10-25 21:08:29'),(201250,'2023-10-25 21:08:29'),(201251,'2023-10-25 21:08:29'),(201252,'2023-10-25 21:08:29'),(201253,'2023-10-25 21:08:29'),(201254,'2023-10-25 21:08:29'),(201255,'2023-10-25 21:08:29'),(201256,'2023-10-25 21:08:29'),(201257,'2023-10-25 21:08:29'),(201258,'2023-10-25 21:08:29'),(201259,'2023-10-25 21:08:30'),(201260,'2023-10-25 21:08:30'),(201261,'2023-10-25 21:08:30'),(201262,'2023-10-25 21:08:30'),(201263,'2023-10-25 21:08:30'),(201264,'2023-10-25 21:08:30'),(201265,'2023-10-25 21:08:30'),(201266,'2023-10-25 21:08:30'),(201267,'2023-10-25 21:08:30'),(201268,'2023-10-25 21:08:30'),(201269,'2023-10-25 21:08:30'),(201270,'2023-10-25 21:08:30'),(201271,'2023-10-25 21:08:30'),(201272,'2023-10-25 21:08:31'),(201273,'2023-10-25 21:08:31'),(201274,'2023-10-25 21:08:31'),(201275,'2023-10-25 21:08:31'),(201276,'2023-10-25 21:08:31'),(201277,'2023-10-25 21:08:31'),(201278,'2023-10-25 21:08:31'),(201279,'2023-10-25 21:08:31'),(201280,'2023-10-25 21:08:31'),(201281,'2023-10-25 21:08:31'),(201282,'2023-10-25 21:08:31'),(201283,'2023-10-25 21:08:31'),(201284,'2023-10-25 21:08:31'),(201285,'2023-10-25 21:08:31'),(201286,'2023-10-25 21:08:31'),(201287,'2023-10-25 21:08:31'),(201288,'2023-10-25 21:08:31'),(201289,'2023-10-25 21:08:31'),(201290,'2023-10-25 21:08:31'),(201291,'2023-10-25 21:08:31'),(201292,'2023-10-25 21:08:31'),(201293,'2023-10-25 21:08:32'),(201294,'2023-10-25 21:08:32'),(201295,'2023-10-25 21:08:32'),(201296,'2023-10-25 21:08:32'),(201297,'2023-10-25 21:08:32'),(201298,'2023-10-25 21:08:32'),(201299,'2023-10-25 21:08:32'),(201300,'2023-10-25 21:08:32'),(201301,'2023-10-25 21:08:32'),(201302,'2023-10-25 21:08:32'),(201303,'2023-10-25 21:08:32'),(201304,'2023-10-25 21:08:32'),(201305,'2023-10-25 21:08:32'),(201306,'2023-10-25 21:08:32'),(201307,'2023-10-25 21:08:33'),(201308,'2023-10-25 21:08:33'),(201309,'2023-10-25 21:08:33'),(201310,'2023-10-25 21:08:33'),(201311,'2023-10-25 21:08:33'),(201312,'2023-10-25 21:08:33'),(201313,'2023-10-25 21:08:33'),(201314,'2023-10-25 21:08:33'),(201315,'2023-10-25 21:08:33'),(201316,'2023-10-25 21:08:33'),(201317,'2023-10-25 21:08:33'),(201318,'2023-10-25 21:08:33'),(201319,'2023-10-25 21:08:33'),(201320,'2023-10-25 21:08:33'),(201321,'2023-10-25 21:08:33'),(201322,'2023-10-25 21:08:33'),(201323,'2023-10-25 21:08:33'),(201324,'2023-10-25 21:08:33'),(201325,'2023-10-25 21:08:33'),(201326,'2023-10-25 21:08:33'),(201327,'2023-10-25 21:08:33'),(201328,'2023-10-25 21:08:33'),(201329,'2023-10-25 21:08:33'),(201330,'2023-10-25 21:08:33'),(201331,'2023-10-25 21:08:33'),(201332,'2023-10-25 21:08:33'),(201333,'2023-10-25 21:08:33'),(201334,'2023-10-25 21:08:33'),(201335,'2023-10-25 21:08:34'),(201336,'2023-10-25 21:08:34'),(201337,'2023-10-25 21:08:34'),(201338,'2023-10-25 21:08:34'),(201339,'2023-10-25 21:08:34'),(201340,'2023-10-25 21:08:34'),(201341,'2023-10-25 21:08:34'),(201342,'2023-10-25 21:08:34'),(201343,'2023-10-25 21:08:34'),(201344,'2023-10-25 21:08:34'),(201345,'2023-10-25 21:08:34'),(201346,'2023-10-25 21:08:34'),(201347,'2023-10-25 21:08:34'),(201348,'2023-10-25 21:08:34'),(201349,'2023-10-25 21:08:34'),(201350,'2023-10-25 21:08:34'),(201351,'2023-10-25 21:08:34'),(201352,'2023-10-25 21:08:35'),(201353,'2023-10-25 21:08:35'),(201354,'2023-10-25 21:08:35'),(201355,'2023-10-25 21:08:35'),(201356,'2023-10-25 21:08:35'),(201357,'2023-10-25 21:08:35'),(201358,'2023-10-25 21:08:35'),(201359,'2023-10-25 21:08:35'),(201360,'2023-10-25 21:08:35'),(201361,'2023-10-25 21:08:35'),(201362,'2023-10-25 21:08:35'),(201363,'2023-10-25 21:08:35'),(201364,'2023-10-25 21:08:36'),(201365,'2023-10-25 21:08:36'),(201366,'2023-10-25 21:08:36'),(201367,'2023-10-25 21:08:36'),(201368,'2023-10-25 21:08:36'),(201369,'2023-10-25 21:08:36'),(201370,'2023-10-25 21:08:36'),(201371,'2023-10-25 21:08:37'),(201372,'2023-10-25 21:08:37'),(201373,'2023-10-25 21:08:37'),(201374,'2023-10-25 21:08:37'),(201375,'2023-10-25 21:08:37'),(201376,'2023-10-25 21:08:37'),(201377,'2023-10-25 21:08:37'),(201378,'2023-10-25 21:08:37'),(201379,'2023-10-25 21:08:37'),(201380,'2023-10-25 21:08:37'),(201381,'2023-10-25 21:08:37'),(201382,'2023-10-25 21:08:37'),(201383,'2023-10-25 21:08:37'),(201384,'2023-10-25 21:08:37'),(201385,'2023-10-25 21:08:37'),(201386,'2023-10-25 21:08:37'),(201387,'2023-10-25 21:08:37'),(201388,'2023-10-25 21:08:37'),(201389,'2023-10-25 21:08:37'),(201390,'2023-10-25 21:08:37'),(201391,'2023-10-25 21:08:37'),(201392,'2023-10-25 21:08:37'),(201393,'2023-10-25 21:08:37'),(201394,'2023-10-25 21:08:37'),(201395,'2023-10-25 21:08:37'),(201396,'2023-10-25 21:08:37'),(201397,'2023-10-25 21:08:37'),(201398,'2023-10-25 21:08:37'),(201399,'2023-10-25 21:08:37'),(201400,'2023-10-25 21:08:37'),(201401,'2023-10-25 21:08:38'),(201402,'2023-10-25 21:08:38'),(201403,'2023-10-25 21:08:38'),(201404,'2023-10-25 21:08:38'),(201405,'2023-10-25 21:08:38'),(201406,'2023-10-25 21:08:38'),(201407,'2023-10-25 21:08:38'),(201408,'2023-10-25 21:08:38'),(201409,'2023-10-25 21:08:38'),(201410,'2023-10-25 21:08:38'),(201411,'2023-10-25 21:08:38'),(201412,'2023-10-25 21:08:38'),(201413,'2023-10-25 21:08:38'),(201414,'2023-10-25 21:08:38'),(201415,'2023-10-25 21:08:38'),(201416,'2023-10-25 21:08:38'),(201417,'2023-10-25 21:08:38'),(201418,'2023-10-25 21:08:38'),(201419,'2023-10-25 21:08:38'),(201420,'2023-10-25 21:08:38'),(201421,'2023-10-25 21:08:39'),(201422,'2023-10-25 21:08:39'),(201423,'2023-10-25 21:08:39'),(201424,'2023-10-25 21:08:39'),(201425,'2023-10-25 21:08:39'),(201426,'2023-10-25 21:08:39'),(201427,'2023-10-25 21:08:39'),(201428,'2023-10-25 21:08:39'),(201429,'2023-10-25 21:08:39'),(201430,'2023-10-25 21:08:39'),(201431,'2023-10-25 21:08:39'),(201432,'2023-10-25 21:08:39'),(201433,'2023-10-25 21:08:39'),(201434,'2023-10-25 21:08:39'),(201435,'2023-10-25 21:08:39'),(201436,'2023-10-25 21:08:39'),(201437,'2023-10-25 21:08:40'),(201438,'2023-10-25 21:08:40'),(201439,'2023-10-25 21:08:40'),(201440,'2023-10-25 21:08:40'),(201441,'2023-10-25 21:08:40'),(201442,'2023-10-25 21:08:40'),(201443,'2023-10-25 21:08:40'),(201444,'2023-10-25 21:08:40'),(201445,'2023-10-25 21:08:40'),(201446,'2023-10-25 21:08:40'),(201447,'2023-10-25 21:08:40'),(201448,'2023-10-25 21:08:41'),(201449,'2023-10-25 21:08:41'),(201450,'2023-10-25 21:08:41'),(201451,'2023-10-25 21:08:41'),(201452,'2023-10-25 21:08:41'),(201453,'2023-10-25 21:08:41'),(201454,'2023-10-25 21:08:41'),(201455,'2023-10-25 21:08:41'),(201456,'2023-10-25 21:08:41'),(201457,'2023-10-25 21:08:41'),(201458,'2023-10-25 21:08:41'),(201459,'2023-10-25 21:08:41'),(201460,'2023-10-25 21:08:41'),(201461,'2023-10-25 21:08:41'),(201462,'2023-10-25 21:08:41'),(201463,'2023-10-25 21:08:41'),(201464,'2023-10-25 21:08:41'),(201465,'2023-10-25 21:08:41'),(201466,'2023-10-25 21:08:41'),(201467,'2023-10-25 21:08:41'),(201468,'2023-10-25 21:08:41'),(201469,'2023-10-25 21:08:41'),(201470,'2023-10-25 21:08:41'),(201471,'2023-10-25 21:08:41'),(201472,'2023-10-25 21:08:41'),(201473,'2023-10-25 21:08:41'),(201474,'2023-10-25 21:08:41'),(201475,'2023-10-25 21:08:42'),(201476,'2023-10-25 21:08:42'),(201477,'2023-10-25 21:08:42'),(201478,'2023-10-25 21:08:42'),(201479,'2023-10-25 21:08:42'),(201480,'2023-10-25 21:08:42'),(201481,'2023-10-25 21:08:42'),(201482,'2023-10-25 21:08:42'),(201483,'2023-10-25 21:08:42'),(201484,'2023-10-25 21:08:42'),(201485,'2023-10-25 21:08:42'),(201486,'2023-10-25 21:08:42'),(201487,'2023-10-25 21:08:42'),(201488,'2023-10-25 21:08:42'),(201489,'2023-10-25 21:08:42'),(201490,'2023-10-25 21:08:42'),(201491,'2023-10-25 21:08:42'),(201492,'2023-10-25 21:08:42'),(201493,'2023-10-25 21:08:42'),(201494,'2023-10-25 21:08:42'),(201495,'2023-10-25 21:08:42'),(201496,'2023-10-25 21:08:42'),(201497,'2023-10-25 21:08:42'),(201498,'2023-10-25 21:08:42'),(201499,'2023-10-25 21:08:42'),(201500,'2023-10-25 21:08:42'),(201501,'2023-10-25 21:08:42'),(201502,'2023-10-25 21:08:42'),(201503,'2023-10-25 21:08:42'),(201504,'2023-10-25 21:08:43'),(201505,'2023-10-25 21:08:43'),(201506,'2023-10-25 21:08:43'),(201507,'2023-10-25 21:08:43'),(201508,'2023-10-25 21:08:43'),(201509,'2023-10-25 21:08:43'),(201510,'2023-10-25 21:08:43'),(201511,'2023-10-25 21:08:43'),(201512,'2023-10-25 21:08:43'),(201513,'2023-10-25 21:08:43'),(201514,'2023-10-25 21:08:43'),(201515,'2023-10-25 21:08:43'),(201516,'2023-10-25 21:08:43'),(201517,'2023-10-25 21:08:43'),(201518,'2023-10-25 21:08:43'),(201519,'2023-10-25 21:08:43'),(201520,'2023-10-25 21:08:43'),(201521,'2023-10-25 21:08:43'),(201522,'2023-10-25 21:08:43'),(201523,'2023-10-25 21:08:43'),(201524,'2023-10-25 21:08:43'),(201525,'2023-10-25 21:08:43'),(201526,'2023-10-25 21:08:43'),(201527,'2023-10-25 21:08:43'),(201528,'2023-10-25 21:08:44'),(201529,'2023-10-25 21:08:44'),(201530,'2023-10-25 21:08:44'),(201531,'2023-10-25 21:08:44'),(201532,'2023-10-25 21:08:44'),(201533,'2023-10-25 21:08:44'),(201534,'2023-10-25 21:08:44'),(201535,'2023-10-25 21:08:44'),(201536,'2023-10-25 21:08:44'),(201537,'2023-10-25 21:08:44'),(201538,'2023-10-25 21:08:44'),(201539,'2023-10-25 21:08:44'),(201540,'2023-10-25 21:08:44'),(201541,'2023-10-25 21:08:44'),(201542,'2023-10-25 21:08:44'),(201543,'2023-10-25 21:08:44'),(201544,'2023-10-25 21:08:44'),(201545,'2023-10-25 21:08:44'),(201546,'2023-10-25 21:08:44'),(201547,'2023-10-25 21:08:44'),(201548,'2023-10-25 21:08:44'),(201549,'2023-10-25 21:08:44'),(201550,'2023-10-25 21:08:44'),(201551,'2023-10-25 21:08:44'),(201552,'2023-10-25 21:08:44'),(201553,'2023-10-25 21:08:44'),(201554,'2023-10-25 21:08:44'),(201555,'2023-10-25 21:08:44'),(201556,'2023-10-25 21:08:45'),(201557,'2023-10-25 21:08:45'),(201558,'2023-10-25 21:08:45'),(201559,'2023-10-25 21:08:45'),(201560,'2023-10-25 21:08:45'),(201561,'2023-10-25 21:08:45'),(201562,'2023-10-25 21:08:45'),(201563,'2023-10-25 21:08:45'),(201564,'2023-10-25 21:08:45'),(201565,'2023-10-25 21:08:45'),(201566,'2023-10-25 21:08:45'),(201567,'2023-10-25 21:08:45'),(201568,'2023-10-25 21:08:45'),(201569,'2023-10-25 21:08:45'),(201570,'2023-10-25 21:08:45'),(201571,'2023-10-25 21:08:45'),(201572,'2023-10-25 21:08:46'),(201573,'2023-10-25 21:08:46'),(201574,'2023-10-25 21:08:46'),(201575,'2023-10-25 21:08:46'),(201576,'2023-10-25 21:08:46'),(201577,'2023-10-25 21:08:46'),(201578,'2023-10-25 21:08:46'),(201579,'2023-10-25 21:08:46'),(201580,'2023-10-25 21:08:46'),(201581,'2023-10-25 21:08:46'),(201582,'2023-10-25 21:08:46'),(201583,'2023-10-25 21:08:47'),(201584,'2023-10-25 21:08:47'),(201585,'2023-10-25 21:08:47'),(201586,'2023-10-25 21:08:47'),(201587,'2023-10-25 21:08:47'),(201588,'2023-10-25 21:08:47'),(201589,'2023-10-25 21:08:47'),(201590,'2023-10-25 21:08:47'),(201591,'2023-10-25 21:08:47'),(201592,'2023-10-25 21:08:47'),(201593,'2023-10-25 21:08:47'),(201594,'2023-10-25 21:08:47'),(201595,'2023-10-25 21:08:47'),(201596,'2023-10-25 21:08:47'),(201597,'2023-10-25 21:08:47'),(201598,'2023-10-25 21:08:47'),(201599,'2023-10-25 21:08:47'),(201600,'2023-10-25 21:08:47'),(201601,'2023-10-25 21:08:47'),(201602,'2023-10-25 21:08:48'),(201603,'2023-10-25 21:08:48'),(201604,'2023-10-25 21:08:48'),(201605,'2023-10-25 21:08:48'),(201606,'2023-10-25 21:08:48'),(201607,'2023-10-25 21:08:48'),(201608,'2023-10-25 21:08:48'),(201609,'2023-10-25 21:08:48'),(201610,'2023-10-25 21:08:48'),(201611,'2023-10-25 21:08:48'),(201612,'2023-10-25 21:08:48'),(201613,'2023-10-25 21:08:48'),(201614,'2023-10-25 21:08:48'),(201615,'2023-10-25 21:08:48'),(201616,'2023-10-25 21:08:48'),(201617,'2023-10-25 21:08:49'),(201618,'2023-10-25 21:08:49'),(201619,'2023-10-25 21:08:49'),(201620,'2023-10-25 21:08:49'),(201621,'2023-10-25 21:08:49'),(201622,'2023-10-25 21:08:49'),(201623,'2023-10-25 21:08:49'),(201624,'2023-10-25 21:08:49'),(201625,'2023-10-25 21:08:49'),(201626,'2023-10-25 21:08:49'),(201627,'2023-10-25 21:08:49'),(201628,'2023-10-25 21:08:50'),(201629,'2023-10-25 21:08:50'),(201630,'2023-10-25 21:08:50'),(201631,'2023-10-25 21:08:50'),(201632,'2023-10-25 21:08:50'),(201633,'2023-10-25 21:08:51'),(201634,'2023-10-25 21:08:52'),(201635,'2023-10-25 21:08:53'),(201636,'2023-10-25 21:09:03'),(201637,'2023-10-25 21:09:03'),(201638,'2023-10-25 21:09:03'),(201639,'2023-10-25 21:09:03'),(201640,'2023-10-25 21:09:03'),(201641,'2023-10-25 21:09:03'),(201642,'2023-10-25 21:09:03'),(201643,'2023-10-25 21:09:03'),(201644,'2023-10-25 21:09:03'),(201645,'2023-10-25 21:09:03'),(201646,'2023-10-25 21:09:04'),(201647,'2023-10-25 21:09:04'),(201648,'2023-10-25 21:09:04'),(201649,'2023-10-25 21:09:04'),(201650,'2023-10-25 21:09:04'),(201651,'2023-10-25 21:09:04'),(201652,'2023-10-25 21:09:05'),(201653,'2023-10-25 21:09:05'),(201654,'2023-10-25 21:09:05'),(201655,'2023-10-25 21:09:05'),(201656,'2023-10-25 21:09:05'),(201657,'2023-10-25 21:09:06'),(201658,'2023-10-25 21:09:06'),(201659,'2023-10-25 21:09:06'),(201660,'2023-10-25 21:09:06'),(201661,'2023-10-25 21:09:06'),(201662,'2023-10-25 21:09:06'),(201663,'2023-10-25 21:09:06'),(201664,'2023-10-25 21:09:06'),(201665,'2023-10-25 21:09:06'),(201666,'2023-10-25 21:09:06'),(201667,'2023-10-25 21:09:06'),(201668,'2023-10-25 21:09:06'),(201669,'2023-10-25 21:09:07'),(201670,'2023-10-25 21:09:07'),(201671,'2023-10-25 21:09:07'),(201672,'2023-10-25 21:09:07'),(201673,'2023-10-25 21:09:07'),(201674,'2023-10-25 21:09:07'),(201675,'2023-10-25 21:09:07'),(201676,'2023-10-25 21:09:07'),(201677,'2023-10-25 21:09:07'),(201678,'2023-10-25 21:09:07'),(201679,'2023-10-25 21:09:07'),(201680,'2023-10-25 21:09:08'),(201681,'2023-10-25 21:09:08'),(201682,'2023-10-25 21:09:08'),(201683,'2023-10-25 21:09:08'),(201684,'2023-10-25 21:09:08'),(201685,'2023-10-25 21:09:08'),(201686,'2023-10-25 21:09:09'),(201687,'2023-10-25 21:09:09'),(201688,'2023-10-25 21:09:09'),(201689,'2023-10-25 21:09:09'),(201690,'2023-10-25 21:09:09'),(201691,'2023-10-25 21:09:09'),(201692,'2023-10-25 21:09:09'),(201693,'2023-10-25 21:09:09'),(201694,'2023-10-25 21:09:09'),(201695,'2023-10-25 21:09:09'),(201696,'2023-10-25 21:09:09'),(201697,'2023-10-25 21:09:09'),(201698,'2023-10-25 21:09:09'),(201699,'2023-10-25 21:09:09'),(201700,'2023-10-25 21:09:09'),(201701,'2023-10-25 21:09:09'),(201702,'2023-10-25 21:09:09'),(201703,'2023-10-25 21:09:09'),(201704,'2023-10-25 21:09:09'),(201705,'2023-10-25 21:09:09'),(201706,'2023-10-25 21:09:09'),(201707,'2023-10-25 21:09:10'),(201708,'2023-10-25 21:09:10'),(201709,'2023-10-25 21:09:10'),(201710,'2023-10-25 21:09:10'),(201711,'2023-10-25 21:09:10'),(201712,'2023-10-25 21:09:10'),(201713,'2023-10-25 21:09:10'),(201714,'2023-10-25 21:09:10'),(201715,'2023-10-25 21:09:10'),(201716,'2023-10-25 21:09:10'),(201717,'2023-10-25 21:09:10'),(201718,'2023-10-25 21:09:11'),(201719,'2023-10-25 21:09:11'),(201720,'2023-10-25 21:09:11'),(201721,'2023-10-25 21:09:11'),(201722,'2023-10-25 21:09:11'),(201723,'2023-10-25 21:09:11'),(201724,'2023-10-25 21:09:11'),(201725,'2023-10-25 21:09:11'),(201726,'2023-10-25 21:09:11'),(201727,'2023-10-25 21:09:11'),(201728,'2023-10-25 21:09:11'),(201729,'2023-10-25 21:09:11'),(201730,'2023-10-25 21:09:11'),(201731,'2023-10-25 21:09:11'),(201732,'2023-10-25 21:09:11'),(201733,'2023-10-25 21:09:11'),(201734,'2023-10-25 21:09:11'),(201735,'2023-10-25 21:09:11'),(201736,'2023-10-25 21:09:11'),(201737,'2023-10-25 21:09:12'),(201738,'2023-10-25 21:09:12'),(201739,'2023-10-25 21:09:12'),(201740,'2023-10-25 21:09:12'),(201741,'2023-10-25 21:09:12'),(201742,'2023-10-25 21:09:12'),(201743,'2023-10-25 21:09:12'),(201744,'2023-10-25 21:09:12'),(201745,'2023-10-25 21:09:12'),(201746,'2023-10-25 21:09:12'),(201747,'2023-10-25 21:09:12'),(201748,'2023-10-25 21:09:12'),(201749,'2023-10-25 21:09:12'),(201750,'2023-10-25 21:09:12'),(201751,'2023-10-25 21:09:13'),(201752,'2023-10-25 21:09:13'),(201753,'2023-10-25 21:09:13'),(201754,'2023-10-25 21:09:13'),(201755,'2023-10-25 21:09:13'),(201756,'2023-10-25 21:09:13'),(201757,'2023-10-25 21:09:14'),(201758,'2023-10-25 21:09:14'),(201759,'2023-10-25 21:09:14'),(201760,'2023-10-25 21:09:14'),(201761,'2023-10-25 21:09:14'),(201762,'2023-10-25 21:09:14'),(201763,'2023-10-25 21:09:14'),(201764,'2023-10-25 21:09:14'),(201765,'2023-10-25 21:09:14'),(201766,'2023-10-25 21:09:14'),(201767,'2023-10-25 21:09:14'),(201768,'2023-10-25 21:09:14'),(201769,'2023-10-25 21:09:15'),(201770,'2023-10-25 21:09:15'),(201771,'2023-10-25 21:09:15'),(201772,'2023-10-25 21:09:15'),(201773,'2023-10-25 21:09:15'),(201774,'2023-10-25 21:09:15'),(201775,'2023-10-25 21:09:15'),(201776,'2023-10-25 21:09:15'),(201777,'2023-10-25 21:09:15'),(201778,'2023-10-25 21:09:15'),(201779,'2023-10-25 21:09:15'),(201780,'2023-10-25 21:09:15'),(201781,'2023-10-25 21:09:15'),(201782,'2023-10-25 21:09:15'),(201783,'2023-10-25 21:09:15'),(201784,'2023-10-25 21:09:16'),(201785,'2023-10-25 21:09:16'),(201786,'2023-10-25 21:09:16'),(201787,'2023-10-25 21:09:16'),(201788,'2023-10-25 21:09:16'),(201789,'2023-10-25 21:09:16'),(201790,'2023-10-25 21:09:16'),(201791,'2023-10-25 21:09:16'),(201792,'2023-10-25 21:09:16'),(201793,'2023-10-25 21:09:16'),(201794,'2023-10-25 21:09:16'),(201795,'2023-10-25 21:09:16'),(201796,'2023-10-25 21:09:16'),(201797,'2023-10-25 21:09:16'),(201798,'2023-10-25 21:09:16'),(201799,'2023-10-25 21:09:16'),(201800,'2023-10-25 21:09:16'),(201801,'2023-10-25 21:09:16'),(201802,'2023-10-25 21:09:16'),(201803,'2023-10-25 21:09:17'),(201804,'2023-10-25 21:09:17'),(201805,'2023-10-25 21:09:17'),(201806,'2023-10-25 21:09:17'),(201807,'2023-10-25 21:09:17'),(201808,'2023-10-25 21:09:17'),(201809,'2023-10-25 21:09:17'),(201810,'2023-10-25 21:09:17'),(201811,'2023-10-25 21:09:17'),(201812,'2023-10-25 21:09:17'),(201813,'2023-10-25 21:09:17'),(201814,'2023-10-25 21:09:17'),(201815,'2023-10-25 21:09:17'),(201816,'2023-10-25 21:09:17'),(201817,'2023-10-25 21:09:17'),(201818,'2023-10-25 21:09:18'),(201819,'2023-10-25 21:09:18'),(201820,'2023-10-25 21:09:18'),(201821,'2023-10-25 21:09:18'),(201822,'2023-10-25 21:09:18'),(201823,'2023-10-25 21:09:18'),(201824,'2023-10-25 21:09:18'),(201825,'2023-10-25 21:09:18'),(201826,'2023-10-25 21:09:18'),(201827,'2023-10-25 21:09:18'),(201828,'2023-10-25 21:09:18'),(201829,'2023-10-25 21:09:18'),(201830,'2023-10-25 21:09:18'),(201831,'2023-10-25 21:09:18'),(201832,'2023-10-25 21:09:18'),(201833,'2023-10-25 21:09:18'),(201834,'2023-10-25 21:09:19'),(201835,'2023-10-25 21:09:19'),(201836,'2023-10-25 21:09:19'),(201837,'2023-10-25 21:09:19'),(201838,'2023-10-25 21:09:19'),(201839,'2023-10-25 21:09:19'),(201840,'2023-10-25 21:09:19'),(201841,'2023-10-25 21:09:19'),(201842,'2023-10-25 21:09:19'),(201843,'2023-10-25 21:09:19'),(201844,'2023-10-25 21:09:19'),(201845,'2023-10-25 21:09:19'),(201846,'2023-10-25 21:09:19'),(201847,'2023-10-25 21:09:19'),(201848,'2023-10-25 21:09:19'),(201849,'2023-10-25 21:09:19'),(201850,'2023-10-25 21:09:19'),(201851,'2023-10-25 21:09:19'),(201852,'2023-10-25 21:09:19'),(201853,'2023-10-25 21:09:19'),(201854,'2023-10-25 21:09:19'),(201855,'2023-10-25 21:09:19'),(201856,'2023-10-25 21:09:19'),(201857,'2023-10-25 21:09:19'),(201858,'2023-10-25 21:09:19'),(201859,'2023-10-25 21:09:19'),(201860,'2023-10-25 21:09:19'),(201861,'2023-10-25 21:09:19'),(201862,'2023-10-25 21:09:19'),(201863,'2023-10-25 21:09:19'),(201864,'2023-10-25 21:09:19'),(201865,'2023-10-25 21:09:20'),(201866,'2023-10-25 21:09:20'),(201867,'2023-10-25 21:09:20'),(201868,'2023-10-25 21:09:20'),(201869,'2023-10-25 21:09:20'),(201870,'2023-10-25 21:09:20'),(201871,'2023-10-25 21:09:20'),(201872,'2023-10-25 21:09:20'),(201873,'2023-10-25 21:09:20'),(201874,'2023-10-25 21:09:20'),(201875,'2023-10-25 21:09:20'),(201876,'2023-10-25 21:09:20'),(201877,'2023-10-25 21:09:20'),(201878,'2023-10-25 21:09:20'),(201879,'2023-10-25 21:09:20'),(201880,'2023-10-25 21:09:20'),(201881,'2023-10-25 21:09:20'),(201882,'2023-10-25 21:09:20'),(201883,'2023-10-25 21:09:21'),(201884,'2023-10-25 21:09:21'),(201885,'2023-10-25 21:09:21'),(201886,'2023-10-25 21:09:21'),(201887,'2023-10-25 21:09:21'),(201888,'2023-10-25 21:09:21'),(201889,'2023-10-25 21:09:21'),(201890,'2023-10-25 21:09:21'),(201891,'2023-10-25 21:09:21'),(201892,'2023-10-25 21:09:21'),(201893,'2023-10-25 21:09:21'),(201894,'2023-10-25 21:09:21'),(201895,'2023-10-25 21:09:21'),(201896,'2023-10-25 21:09:21'),(201897,'2023-10-25 21:09:21'),(201898,'2023-10-25 21:09:21'),(201899,'2023-10-25 21:09:21'),(201900,'2023-10-25 21:09:21'),(201901,'2023-10-25 21:09:21'),(201902,'2023-10-25 21:09:21'),(201903,'2023-10-25 21:09:21'),(201904,'2023-10-25 21:09:21'),(201905,'2023-10-25 21:09:21'),(201906,'2023-10-25 21:09:21'),(201907,'2023-10-25 21:09:21'),(201908,'2023-10-25 21:09:21'),(201909,'2023-10-25 21:09:21'),(201910,'2023-10-25 21:09:21'),(201911,'2023-10-25 21:09:21'),(201912,'2023-10-25 21:09:21'),(201913,'2023-10-25 21:09:21'),(201914,'2023-10-25 21:09:21'),(201915,'2023-10-25 21:09:22'),(201916,'2023-10-25 21:09:22'),(201917,'2023-10-25 21:09:22'),(201918,'2023-10-25 21:09:22'),(201919,'2023-10-25 21:09:22'),(201920,'2023-10-25 21:09:22'),(201921,'2023-10-25 21:09:22'),(201922,'2023-10-25 21:09:22'),(201923,'2023-10-25 21:09:22'),(201924,'2023-10-25 21:09:22'),(201925,'2023-10-25 21:09:22'),(201926,'2023-10-25 21:09:22'),(201927,'2023-10-25 21:09:22'),(201928,'2023-10-25 21:09:22'),(201929,'2023-10-25 21:09:22'),(201930,'2023-10-25 21:09:22'),(201931,'2023-10-25 21:09:22'),(201932,'2023-10-25 21:09:22'),(201933,'2023-10-25 21:09:22'),(201934,'2023-10-25 21:09:22'),(201935,'2023-10-25 21:09:22'),(201936,'2023-10-25 21:09:23'),(201937,'2023-10-25 21:09:23'),(201938,'2023-10-25 21:09:23'),(201939,'2023-10-25 21:09:23'),(201940,'2023-10-25 21:09:23'),(201941,'2023-10-25 21:09:23'),(201942,'2023-10-25 21:09:23'),(201943,'2023-10-25 21:09:23'),(201944,'2023-10-25 21:09:23'),(201945,'2023-10-25 21:09:23'),(201946,'2023-10-25 21:09:23'),(201947,'2023-10-25 21:09:23'),(201948,'2023-10-25 21:09:23'),(201949,'2023-10-25 21:09:23'),(201950,'2023-10-25 21:09:23'),(201951,'2023-10-25 21:09:23'),(201952,'2023-10-25 21:09:23'),(201953,'2023-10-25 21:09:23'),(201954,'2023-10-25 21:09:23'),(201955,'2023-10-25 21:09:23'),(201956,'2023-10-25 21:09:24'),(201957,'2023-10-25 21:09:24'),(201958,'2023-10-25 21:09:24'),(201959,'2023-10-25 21:09:24'),(201960,'2023-10-25 21:09:24'),(201961,'2023-10-25 21:09:24'),(201962,'2023-10-25 21:09:24'),(201963,'2023-10-25 21:09:24'),(201964,'2023-10-25 21:09:24'),(201965,'2023-10-25 21:09:24'),(201966,'2023-10-25 21:09:24'),(201967,'2023-10-25 21:09:24'),(201968,'2023-10-25 21:09:24'),(201969,'2023-10-25 21:09:24'),(201970,'2023-10-25 21:09:24'),(201971,'2023-10-25 21:09:24'),(201972,'2023-10-25 21:09:24'),(201973,'2023-10-25 21:09:24'),(201974,'2023-10-25 21:09:24'),(201975,'2023-10-25 21:09:24'),(201976,'2023-10-25 21:09:24'),(201977,'2023-10-25 21:09:24'),(201978,'2023-10-25 21:09:24'),(201979,'2023-10-25 21:09:24'),(201980,'2023-10-25 21:09:24'),(201981,'2023-10-25 21:09:24'),(201982,'2023-10-25 21:09:24'),(201983,'2023-10-25 21:09:24'),(201984,'2023-10-25 21:09:24'),(201985,'2023-10-25 21:09:24'),(201986,'2023-10-25 21:09:24'),(201987,'2023-10-25 21:09:24'),(201988,'2023-10-25 21:09:24'),(201989,'2023-10-25 21:09:24'),(201990,'2023-10-25 21:09:25'),(201991,'2023-10-25 21:09:25'),(201992,'2023-10-25 21:09:25'),(201993,'2023-10-25 21:09:25'),(201994,'2023-10-25 21:09:25'),(201995,'2023-10-25 21:09:25'),(201996,'2023-10-25 21:09:25'),(201997,'2023-10-25 21:09:25'),(201998,'2023-10-25 21:09:25'),(201999,'2023-10-25 21:09:25'),(202000,'2023-10-25 21:09:25'),(202001,'2023-10-25 21:09:25'),(202002,'2023-10-25 21:09:25'),(202003,'2023-10-25 21:09:25'),(202004,'2023-10-25 21:09:25'),(202005,'2023-10-25 21:09:25'),(202006,'2023-10-25 21:09:25'),(202007,'2023-10-25 21:09:25'),(202008,'2023-10-25 21:09:25'),(202009,'2023-10-25 21:09:25'),(202010,'2023-10-25 21:09:25'),(202011,'2023-10-25 21:09:25'),(202012,'2023-10-25 21:09:25'),(202013,'2023-10-25 21:09:25'),(202014,'2023-10-25 21:09:25'),(202015,'2023-10-25 21:09:25'),(202016,'2023-10-25 21:09:26'),(202017,'2023-10-25 21:09:26'),(202018,'2023-10-25 21:09:26'),(202019,'2023-10-25 21:09:26'),(202020,'2023-10-25 21:09:26'),(202021,'2023-10-25 21:09:26'),(202022,'2023-10-25 21:09:26'),(202023,'2023-10-25 21:09:26'),(202024,'2023-10-25 21:09:26'),(202025,'2023-10-25 21:09:26'),(202026,'2023-10-25 21:09:26'),(202027,'2023-10-25 21:09:26'),(202028,'2023-10-25 21:09:26'),(202029,'2023-10-25 21:09:26'),(202030,'2023-10-25 21:09:26'),(202031,'2023-10-25 21:09:26'),(202032,'2023-10-25 21:09:26'),(202033,'2023-10-25 21:09:26'),(202034,'2023-10-25 21:09:26'),(202035,'2023-10-25 21:09:26'),(202036,'2023-10-25 21:09:26'),(202037,'2023-10-25 21:09:26'),(202038,'2023-10-25 21:09:26'),(202039,'2023-10-25 21:09:26'),(202040,'2023-10-25 21:09:27'),(202041,'2023-10-25 21:09:27'),(202042,'2023-10-25 21:09:27'),(202043,'2023-10-25 21:09:27'),(202044,'2023-10-25 21:09:27'),(202045,'2023-10-25 21:09:27'),(202046,'2023-10-25 21:09:27'),(202047,'2023-10-25 21:09:27'),(202048,'2023-10-25 21:09:27'),(202049,'2023-10-25 21:09:27'),(202050,'2023-10-25 21:09:27'),(202051,'2023-10-25 21:09:27'),(202052,'2023-10-25 21:09:27'),(202053,'2023-10-25 21:09:27'),(202054,'2023-10-25 21:09:27'),(202055,'2023-10-25 21:09:27'),(202056,'2023-10-25 21:09:27'),(202057,'2023-10-25 21:09:27'),(202058,'2023-10-25 21:09:27'),(202059,'2023-10-25 21:09:27'),(202060,'2023-10-25 21:09:27'),(202061,'2023-10-25 21:09:27'),(202062,'2023-10-25 21:09:27'),(202063,'2023-10-25 21:09:27'),(202064,'2023-10-25 21:09:27'),(202065,'2023-10-25 21:09:27'),(202066,'2023-10-25 21:09:27'),(202067,'2023-10-25 21:09:27'),(202068,'2023-10-25 21:09:27'),(202069,'2023-10-25 21:09:27'),(202070,'2023-10-25 21:09:28'),(202071,'2023-10-25 21:09:28'),(202072,'2023-10-25 21:09:28'),(202073,'2023-10-25 21:09:28'),(202074,'2023-10-25 21:09:28'),(202075,'2023-10-25 21:09:28'),(202076,'2023-10-25 21:09:28'),(202077,'2023-10-25 21:09:28'),(202078,'2023-10-25 21:09:28'),(202079,'2023-10-25 21:09:28'),(202080,'2023-10-25 21:09:28'),(202081,'2023-10-25 21:09:28'),(202082,'2023-10-25 21:09:28'),(202083,'2023-10-25 21:09:28'),(202084,'2023-10-25 21:09:28'),(202085,'2023-10-25 21:09:28'),(202086,'2023-10-25 21:09:28'),(202087,'2023-10-25 21:09:28'),(202088,'2023-10-25 21:09:28'),(202089,'2023-10-25 21:09:28'),(202090,'2023-10-25 21:09:28'),(202091,'2023-10-25 21:09:28'),(202092,'2023-10-25 21:09:28'),(202093,'2023-10-25 21:09:28'),(202094,'2023-10-25 21:09:29'),(202095,'2023-10-25 21:09:29'),(202096,'2023-10-25 21:09:29'),(202097,'2023-10-25 21:09:29'),(202098,'2023-10-25 21:09:29'),(202099,'2023-10-25 21:09:29'),(202100,'2023-10-25 21:09:29'),(202101,'2023-10-25 21:09:29'),(202102,'2023-10-25 21:09:29'),(202103,'2023-10-25 21:09:29'),(202104,'2023-10-25 21:09:29'),(202105,'2023-10-25 21:09:29'),(202106,'2023-10-25 21:09:29'),(202107,'2023-10-25 21:09:29'),(202108,'2023-10-25 21:09:29'),(202109,'2023-10-25 21:09:29'),(202110,'2023-10-25 21:09:29'),(202111,'2023-10-25 21:09:29'),(202112,'2023-10-25 21:09:29'),(202113,'2023-10-25 21:09:29'),(202114,'2023-10-25 21:09:29'),(202115,'2023-10-25 21:09:29'),(202116,'2023-10-25 21:09:29'),(202117,'2023-10-25 21:09:29'),(202118,'2023-10-25 21:09:30'),(202119,'2023-10-25 21:09:30'),(202120,'2023-10-25 21:09:31'),(202121,'2023-10-25 21:09:31'),(202122,'2023-10-25 21:09:31'),(202123,'2023-10-25 21:09:31'),(202124,'2023-10-25 21:09:31'),(202125,'2023-10-25 21:09:31'),(202126,'2023-10-25 21:09:31'),(202127,'2023-10-25 21:09:31'),(202128,'2023-10-25 21:09:31'),(202129,'2023-10-25 21:09:31'),(202130,'2023-10-25 21:09:31'),(202131,'2023-10-25 21:09:31'),(202132,'2023-10-25 21:09:32'),(202133,'2023-10-25 21:09:32'),(202134,'2023-10-25 21:09:32'),(202135,'2023-10-25 21:09:32'),(202136,'2023-10-25 21:09:32'),(202137,'2023-10-25 21:09:32'),(202138,'2023-10-25 21:09:32'),(202139,'2023-10-25 21:09:32'),(202140,'2023-10-25 21:09:32'),(202141,'2023-10-25 21:09:32'),(202142,'2023-10-25 21:09:32'),(202143,'2023-10-25 21:09:32'),(202144,'2023-10-25 21:09:32'),(202145,'2023-10-25 21:09:32'),(202146,'2023-10-25 21:09:32'),(202147,'2023-10-25 21:09:32'),(202148,'2023-10-25 21:09:32'),(202149,'2023-10-25 21:09:32'),(202150,'2023-10-25 21:09:32'),(202151,'2023-10-25 21:09:32'),(202152,'2023-10-25 21:09:32'),(202153,'2023-10-25 21:09:32'),(202154,'2023-10-25 21:09:32'),(202155,'2023-10-25 21:09:32'),(202156,'2023-10-25 21:09:32'),(202157,'2023-10-25 21:09:33'),(202158,'2023-10-25 21:09:33'),(202159,'2023-10-25 21:09:33'),(202160,'2023-10-25 21:09:33'),(202161,'2023-10-25 21:09:33'),(202162,'2023-10-25 21:09:33'),(202163,'2023-10-25 21:09:33'),(202164,'2023-10-25 21:09:33'),(202165,'2023-10-25 21:09:33'),(202166,'2023-10-25 21:09:33'),(202167,'2023-10-25 21:09:33'),(202168,'2023-10-25 21:09:33'),(202169,'2023-10-25 21:09:33'),(202170,'2023-10-25 21:09:33'),(202171,'2023-10-25 21:09:33'),(202172,'2023-10-25 21:09:33'),(202173,'2023-10-25 21:09:33'),(202174,'2023-10-25 21:09:33'),(202175,'2023-10-25 21:09:33'),(202176,'2023-10-25 21:09:33'),(202177,'2023-10-25 21:09:33'),(202178,'2023-10-25 21:09:34'),(202179,'2023-10-25 21:09:34'),(202180,'2023-10-25 21:09:34'),(202181,'2023-10-25 21:09:34'),(202182,'2023-10-25 21:09:34'),(202183,'2023-10-25 21:09:34'),(202184,'2023-10-25 21:09:34'),(202185,'2023-10-25 21:09:34'),(202186,'2023-10-25 21:09:34'),(202187,'2023-10-25 21:09:34'),(202188,'2023-10-25 21:09:34'),(202189,'2023-10-25 21:09:34'),(202190,'2023-10-25 21:09:34'),(202191,'2023-10-25 21:09:35'),(202192,'2023-10-25 21:09:35'),(202193,'2023-10-25 21:09:35'),(202194,'2023-10-25 21:09:35'),(202195,'2023-10-25 21:09:35'),(202196,'2023-10-25 21:09:35'),(202197,'2023-10-25 21:09:35'),(202198,'2023-10-25 21:09:35'),(202199,'2023-10-25 21:09:35'),(202200,'2023-10-25 21:09:35'),(202201,'2023-10-25 21:09:35'),(202202,'2023-10-25 21:09:35'),(202203,'2023-10-25 21:09:35'),(202204,'2023-10-25 21:09:35'),(202205,'2023-10-25 21:09:35'),(202206,'2023-10-25 21:09:35'),(202207,'2023-10-25 21:09:35'),(202208,'2023-10-25 21:09:35'),(202209,'2023-10-25 21:09:35'),(202210,'2023-10-25 21:09:35'),(202211,'2023-10-25 21:09:35'),(202212,'2023-10-25 21:09:35'),(202213,'2023-10-25 21:09:36'),(202214,'2023-10-25 21:09:36'),(202215,'2023-10-25 21:09:36'),(202216,'2023-10-25 21:09:36'),(202217,'2023-10-25 21:09:36'),(202218,'2023-10-25 21:09:36'),(202219,'2023-10-25 21:09:36'),(202220,'2023-10-25 21:09:36'),(202221,'2023-10-25 21:09:36'),(202222,'2023-10-25 21:09:36'),(202223,'2023-10-25 21:09:36'),(202224,'2023-10-25 21:09:36'),(202225,'2023-10-25 21:09:36'),(202226,'2023-10-25 21:09:36'),(202227,'2023-10-25 21:09:36'),(202228,'2023-10-25 21:09:36'),(202229,'2023-10-25 21:09:36'),(202230,'2023-10-25 21:09:36'),(202231,'2023-10-25 21:09:36'),(202232,'2023-10-25 21:09:36'),(202233,'2023-10-25 21:09:36'),(202234,'2023-10-25 21:09:36'),(202235,'2023-10-25 21:09:36'),(202236,'2023-10-25 21:09:36'),(202237,'2023-10-25 21:09:36'),(202238,'2023-10-25 21:09:36'),(202239,'2023-10-25 21:09:36'),(202240,'2023-10-25 21:09:37'),(202241,'2023-10-25 21:09:37'),(202242,'2023-10-25 21:09:37'),(202243,'2023-10-25 21:09:37'),(202244,'2023-10-25 21:09:37'),(202245,'2023-10-25 21:09:37'),(202246,'2023-10-25 21:09:37'),(202247,'2023-10-25 21:09:38'),(202248,'2023-10-25 21:09:38'),(202249,'2023-10-25 21:09:38'),(202250,'2023-10-25 21:09:38'),(202251,'2023-10-25 21:09:38'),(202252,'2023-10-25 21:09:38'),(202253,'2023-10-25 21:09:38'),(202254,'2023-10-25 21:09:38'),(202255,'2023-10-25 21:09:38'),(202256,'2023-10-25 21:09:38'),(202257,'2023-10-25 21:09:38'),(202258,'2023-10-25 21:09:38'),(202259,'2023-10-25 21:09:38'),(202260,'2023-10-25 21:09:38'),(202261,'2023-10-25 21:09:38'),(202262,'2023-10-25 21:09:38'),(202263,'2023-10-25 21:09:38'),(202264,'2023-10-25 21:09:39'),(202265,'2023-10-25 21:09:39'),(202266,'2023-10-25 21:09:39'),(202267,'2023-10-25 21:09:39'),(202268,'2023-10-25 21:09:39'),(202269,'2023-10-25 21:09:39'),(202270,'2023-10-25 21:09:39'),(202271,'2023-10-25 21:09:39'),(202272,'2023-10-25 21:09:39'),(202273,'2023-10-25 21:09:39'),(202274,'2023-10-25 21:09:39'),(202275,'2023-10-25 21:09:39'),(202276,'2023-10-25 21:09:39'),(202277,'2023-10-25 21:09:39'),(202278,'2023-10-25 21:09:40'),(202279,'2023-10-25 21:09:40'),(202280,'2023-10-25 21:09:40'),(202281,'2023-10-25 21:09:40'),(202282,'2023-10-25 21:09:40'),(202283,'2023-10-25 21:09:40'),(202284,'2023-10-25 21:09:40'),(202285,'2023-10-25 21:09:40'),(202286,'2023-10-25 21:09:40'),(202287,'2023-10-25 21:09:40'),(202288,'2023-10-25 21:09:40'),(202289,'2023-10-25 21:09:40'),(202290,'2023-10-25 21:09:40'),(202291,'2023-10-25 21:09:40'),(202292,'2023-10-25 21:09:40'),(202293,'2023-10-25 21:09:40'),(202294,'2023-10-25 21:09:40'),(202295,'2023-10-25 21:09:40'),(202296,'2023-10-25 21:09:40'),(202297,'2023-10-25 21:09:40'),(202298,'2023-10-25 21:09:41'),(202299,'2023-10-25 21:09:41'),(202300,'2023-10-25 21:09:41'),(202301,'2023-10-25 21:09:41'),(202302,'2023-10-25 21:09:41'),(202303,'2023-10-25 21:09:41'),(202304,'2023-10-25 21:09:41'),(202305,'2023-10-25 21:09:41'),(202306,'2023-10-25 21:09:41'),(202307,'2023-10-25 21:09:41'),(202308,'2023-10-25 21:09:41'),(202309,'2023-10-25 21:09:41'),(202310,'2023-10-25 21:09:41'),(202311,'2023-10-25 21:09:42'),(202312,'2023-10-25 21:09:42'),(202313,'2023-10-25 21:09:42'),(202314,'2023-10-25 21:09:42'),(202315,'2023-10-25 21:09:42'),(202316,'2023-10-25 21:09:42'),(202317,'2023-10-25 21:09:42'),(202318,'2023-10-25 21:09:42'),(202319,'2023-10-25 21:09:42'),(202320,'2023-10-25 21:09:42'),(202321,'2023-10-25 21:09:42'),(202322,'2023-10-25 21:09:42'),(202323,'2023-10-25 21:09:42'),(202324,'2023-10-25 21:09:42'),(202325,'2023-10-25 21:09:42'),(202326,'2023-10-25 21:09:42'),(202327,'2023-10-25 21:09:42'),(202328,'2023-10-25 21:09:42'),(202329,'2023-10-25 21:09:42'),(202330,'2023-10-25 21:09:42'),(202331,'2023-10-25 21:09:42'),(202332,'2023-10-25 21:09:42'),(202333,'2023-10-25 21:09:42'),(202334,'2023-10-25 21:09:42'),(202335,'2023-10-25 21:09:42'),(202336,'2023-10-25 21:09:42'),(202337,'2023-10-25 21:09:43'),(202338,'2023-10-25 21:09:43'),(202339,'2023-10-25 21:09:43'),(202340,'2023-10-25 21:09:43'),(202341,'2023-10-25 21:09:43'),(202342,'2023-10-25 21:09:43'),(202343,'2023-10-25 21:09:43'),(202344,'2023-10-25 21:09:43'),(202345,'2023-10-25 21:09:43'),(202346,'2023-10-25 21:09:43'),(202347,'2023-10-25 21:09:43'),(202348,'2023-10-25 21:09:43'),(202349,'2023-10-25 21:09:43'),(202350,'2023-10-25 21:09:43'),(202351,'2023-10-25 21:09:43'),(202352,'2023-10-25 21:09:43'),(202353,'2023-10-25 21:09:43'),(202354,'2023-10-25 21:09:43'),(202355,'2023-10-25 21:09:43'),(202356,'2023-10-25 21:09:43'),(202357,'2023-10-25 21:09:43'),(202358,'2023-10-25 21:09:43'),(202359,'2023-10-25 21:09:43'),(202360,'2023-10-25 21:09:43'),(202361,'2023-10-25 21:09:43'),(202362,'2023-10-25 21:09:43'),(202363,'2023-10-25 21:09:44'),(202364,'2023-10-25 21:09:44'),(202365,'2023-10-25 21:09:44'),(202366,'2023-10-25 21:09:44'),(202367,'2023-10-25 21:09:44'),(202368,'2023-10-25 21:09:44'),(202369,'2023-10-25 21:09:44'),(202370,'2023-10-25 21:09:44'),(202371,'2023-10-25 21:09:44'),(202372,'2023-10-25 21:09:44'),(202373,'2023-10-25 21:09:44'),(202374,'2023-10-25 21:09:44'),(202375,'2023-10-25 21:09:44'),(202376,'2023-10-25 21:09:44'),(202377,'2023-10-25 21:09:44'),(202378,'2023-10-25 21:09:44'),(202379,'2023-10-25 21:09:45'),(202380,'2023-10-25 21:09:45'),(202381,'2023-10-25 21:09:45'),(202382,'2023-10-25 21:09:45'),(202383,'2023-10-25 21:09:45'),(202384,'2023-10-25 21:09:46'),(202385,'2023-10-25 21:09:46'),(202386,'2023-10-25 21:09:46'),(202387,'2023-10-25 21:09:46'),(202388,'2023-10-25 21:09:46'),(202389,'2023-10-25 21:09:46'),(202390,'2023-10-25 21:09:46'),(202391,'2023-10-25 21:09:47'),(202392,'2023-10-25 21:09:47'),(202393,'2023-10-25 21:09:47'),(202394,'2023-10-25 21:09:47'),(202395,'2023-10-25 21:09:47'),(202396,'2023-10-25 21:09:47'),(202397,'2023-10-25 21:09:47'),(202398,'2023-10-25 21:09:47'),(202399,'2023-10-25 21:09:47'),(202400,'2023-10-25 21:09:47'),(202401,'2023-10-25 21:09:47'),(202402,'2023-10-25 21:09:47'),(202403,'2023-10-25 21:09:47'),(202404,'2023-10-25 21:09:47'),(202405,'2023-10-25 21:09:47'),(202406,'2023-10-25 21:09:47'),(202407,'2023-10-25 21:09:48'),(202408,'2023-10-25 21:09:48'),(202409,'2023-10-25 21:09:48'),(202410,'2023-10-25 21:09:48'),(202411,'2023-10-25 21:09:48'),(202412,'2023-10-25 21:09:48'),(202413,'2023-10-25 21:09:48'),(202414,'2023-10-25 21:09:48'),(202415,'2023-10-25 21:09:48'),(202416,'2023-10-25 21:09:48'),(202417,'2023-10-25 21:09:49'),(202418,'2023-10-25 21:09:49'),(202419,'2023-10-25 21:09:49'),(202420,'2023-10-25 21:09:49'),(202421,'2023-10-25 21:09:49'),(202422,'2023-10-25 21:09:49'),(202423,'2023-10-25 21:09:50'),(202424,'2023-10-25 21:09:50'),(202425,'2023-10-25 21:09:50'),(202426,'2023-10-25 21:09:50'),(202427,'2023-10-25 21:09:50'),(202428,'2023-10-25 21:09:50'),(202429,'2023-10-25 21:09:50'),(202430,'2023-10-25 21:09:50'),(202431,'2023-10-25 21:09:50'),(202432,'2023-10-25 21:09:50'),(202433,'2023-10-25 21:09:50'),(202434,'2023-10-25 21:09:50'),(202435,'2023-10-25 21:09:50'),(202436,'2023-10-25 21:09:50'),(202437,'2023-10-25 21:09:50'),(202438,'2023-10-25 21:09:50'),(202439,'2023-10-25 21:09:50'),(202440,'2023-10-25 21:09:50'),(202441,'2023-10-25 21:09:50'),(202442,'2023-10-25 21:09:50'),(202443,'2023-10-25 21:09:51'),(202444,'2023-10-25 21:09:51'),(202445,'2023-10-25 21:09:51'),(202446,'2023-10-25 21:09:51'),(202447,'2023-10-25 21:09:51'),(202448,'2023-10-25 21:09:51'),(202449,'2023-10-25 21:09:51'),(202450,'2023-10-25 21:09:51'),(202451,'2023-10-25 21:09:51'),(202452,'2023-10-25 21:09:51'),(202453,'2023-10-25 21:09:51'),(202454,'2023-10-25 21:09:51'),(202455,'2023-10-25 21:09:51'),(202456,'2023-10-25 21:09:51'),(202457,'2023-10-25 21:09:51'),(202458,'2023-10-25 21:09:51'),(202459,'2023-10-25 21:09:51'),(202460,'2023-10-25 21:09:51'),(202461,'2023-10-25 21:09:51'),(202462,'2023-10-25 21:09:51'),(202463,'2023-10-25 21:09:51'),(202464,'2023-10-25 21:09:51'),(202465,'2023-10-25 21:09:51'),(202466,'2023-10-25 21:09:51'),(202467,'2023-10-25 21:09:51'),(202468,'2023-10-25 21:09:51'),(202469,'2023-10-25 21:09:51'),(202470,'2023-10-25 21:09:52'),(202471,'2023-10-25 21:09:52'),(202472,'2023-10-25 21:09:52'),(202473,'2023-10-25 21:09:52'),(202474,'2023-10-25 21:09:52'),(202475,'2023-10-25 21:09:52'),(202476,'2023-10-25 21:09:52'),(202477,'2023-10-25 21:09:52'),(202478,'2023-10-25 21:09:52'),(202479,'2023-10-25 21:09:52'),(202480,'2023-10-25 21:09:52'),(202481,'2023-10-25 21:09:52'),(202482,'2023-10-25 21:09:52'),(202483,'2023-10-25 21:09:52'),(202484,'2023-10-25 21:09:52'),(202485,'2023-10-25 21:09:52'),(202486,'2023-10-25 21:09:52'),(202487,'2023-10-25 21:09:52'),(202488,'2023-10-25 21:09:52'),(202489,'2023-10-25 21:09:52'),(202490,'2023-10-25 21:09:52'),(202491,'2023-10-25 21:09:52'),(202492,'2023-10-25 21:09:52'),(202493,'2023-10-25 21:09:52'),(202494,'2023-10-25 21:09:53'),(202495,'2023-10-25 21:09:53'),(202496,'2023-10-25 21:09:53'),(202497,'2023-10-25 21:09:53'),(202498,'2023-10-25 21:09:53'),(202499,'2023-10-25 21:09:53'),(202500,'2023-10-25 21:09:53'),(202501,'2023-10-25 21:09:53'),(202502,'2023-10-25 21:09:53'),(202503,'2023-10-25 21:09:53'),(202504,'2023-10-25 21:09:53'),(202505,'2023-10-25 21:09:53'),(202506,'2023-10-25 21:09:53'),(202507,'2023-10-25 21:09:53'),(202508,'2023-10-25 21:09:54'),(202509,'2023-10-25 21:09:54'),(202510,'2023-10-25 21:09:54'),(202511,'2023-10-25 21:09:54'),(202512,'2023-10-25 21:09:54'),(202513,'2023-10-25 21:09:54'),(202514,'2023-10-25 21:09:54'),(202515,'2023-10-25 21:09:54'),(202516,'2023-10-25 21:09:54'),(202517,'2023-10-25 21:09:54'),(202518,'2023-10-25 21:09:54'),(202519,'2023-10-25 21:09:54'),(202520,'2023-10-25 21:09:54'),(202521,'2023-10-25 21:09:54'),(202522,'2023-10-25 21:09:54'),(202523,'2023-10-25 21:09:54'),(202524,'2023-10-25 21:09:55'),(202525,'2023-10-25 21:09:55'),(202526,'2023-10-25 21:09:55'),(202527,'2023-10-25 21:09:55'),(202528,'2023-10-25 21:09:55'),(202529,'2023-10-25 21:09:55'),(202530,'2023-10-25 21:09:55'),(202531,'2023-10-25 21:09:55'),(202532,'2023-10-25 21:09:55'),(202533,'2023-10-25 21:09:55'),(202534,'2023-10-25 21:09:55'),(202535,'2023-10-25 21:09:56'),(202536,'2023-10-25 21:09:56'),(202537,'2023-10-25 21:09:56'),(202538,'2023-10-25 21:09:56'),(202539,'2023-10-25 21:09:56'),(202540,'2023-10-25 21:09:56'),(202541,'2023-10-25 21:09:56'),(202542,'2023-10-25 21:09:57'),(202543,'2023-10-25 21:09:57'),(202544,'2023-10-25 21:09:57'),(202545,'2023-10-25 21:09:57'),(202546,'2023-10-25 21:09:57'),(202547,'2023-10-25 21:09:57'),(202548,'2023-10-25 21:09:58'),(202549,'2023-10-25 21:09:58'),(202550,'2023-10-25 21:09:58'),(202551,'2023-10-25 21:09:58'),(202552,'2023-10-25 21:09:58'),(202553,'2023-10-25 21:09:58'),(202554,'2023-10-25 21:09:58'),(202555,'2023-10-25 21:09:59'),(202556,'2023-10-25 21:09:59'),(202557,'2023-10-25 21:09:59'),(202558,'2023-10-25 21:09:59'),(202559,'2023-10-25 21:09:59'),(202560,'2023-10-25 21:09:59'),(202561,'2023-10-25 21:09:59'),(202562,'2023-10-25 21:09:59'),(202563,'2023-10-25 21:10:00'),(202564,'2023-10-25 21:10:00'),(202565,'2023-10-25 21:10:00'),(202566,'2023-10-25 21:10:00'),(202567,'2023-10-25 21:10:00'),(202568,'2023-10-25 21:10:00'),(202569,'2023-10-25 21:10:01'),(202570,'2023-10-25 21:10:01'),(202571,'2023-10-25 21:10:01'),(202572,'2023-10-25 21:10:01'),(202573,'2023-10-25 21:10:01'),(202574,'2023-10-25 21:10:02'),(202575,'2023-10-25 21:10:02'),(202576,'2023-10-25 21:10:03'),(202577,'2023-10-25 21:10:03'),(202578,'2023-10-25 21:10:03'),(202579,'2023-10-25 21:10:05'),(202580,'2023-10-25 21:10:05'),(202581,'2023-10-25 21:10:05'),(202582,'2023-10-25 21:10:06'),(202583,'2023-10-25 21:10:07'),(202584,'2023-10-25 21:10:07'),(202585,'2023-10-25 21:10:08'),(202586,'2023-10-25 21:10:08'),(202587,'2023-10-25 21:10:09'),(202588,'2023-10-25 21:10:09'),(202589,'2023-10-25 21:10:10'),(202590,'2023-10-25 21:10:11'),(202591,'2023-10-25 21:10:11'),(202592,'2023-10-25 21:10:12'),(202593,'2023-10-25 21:10:12'),(202594,'2023-10-25 21:10:13'),(202595,'2023-10-25 21:10:13'),(202596,'2023-10-25 21:10:14'),(202597,'2023-10-25 21:10:14'),(202598,'2023-10-25 21:10:15'),(202599,'2023-10-25 21:10:15'),(202600,'2023-10-25 21:10:16'),(202601,'2023-10-25 21:10:16'),(202602,'2023-10-25 21:10:16'),(202603,'2023-10-25 21:10:17'),(202604,'2023-10-25 21:10:17'),(202605,'2023-10-25 21:10:17'),(202606,'2023-10-25 21:10:18'),(202607,'2023-10-25 21:10:19'),(202608,'2023-10-25 21:10:19'),(202609,'2023-10-25 21:10:19'),(202610,'2023-10-25 21:10:19'),(202611,'2023-10-25 21:10:19'),(202612,'2023-10-25 21:10:19'),(202613,'2023-10-25 21:10:19'),(202614,'2023-10-25 21:10:19'),(202615,'2023-10-25 21:10:20'),(202616,'2023-10-25 21:10:20'),(202617,'2023-10-25 21:10:20'),(202618,'2023-10-25 21:10:20'),(202619,'2023-10-25 21:10:20'),(202620,'2023-10-25 21:10:20'),(202621,'2023-10-25 21:10:20'),(202622,'2023-10-25 21:10:20'),(202623,'2023-10-25 21:10:20'),(202624,'2023-10-25 21:10:21'),(202625,'2023-10-25 21:10:21'),(202626,'2023-10-25 21:10:21'),(202627,'2023-10-25 21:10:21'),(202628,'2023-10-25 21:10:21'),(202629,'2023-10-25 21:10:21'),(202630,'2023-10-25 21:10:21'),(202631,'2023-10-25 21:10:21'),(202632,'2023-10-25 21:10:22'),(202633,'2023-10-25 21:10:22'),(202634,'2023-10-25 21:10:22'),(202635,'2023-10-25 21:10:22'),(202636,'2023-10-25 21:10:22'),(202637,'2023-10-25 21:10:22'),(202638,'2023-10-25 21:10:22'),(202639,'2023-10-25 21:10:22'),(202640,'2023-10-25 21:10:22'),(202641,'2023-10-25 21:10:22'),(202642,'2023-10-25 21:10:22'),(202643,'2023-10-25 21:10:23'),(202644,'2023-10-25 21:10:23'),(202645,'2023-10-25 21:10:23'),(202646,'2023-10-25 21:10:23'),(202647,'2023-10-25 21:10:23'),(202648,'2023-10-25 21:10:23'),(202649,'2023-10-25 21:10:23'),(202650,'2023-10-25 21:10:23'),(202651,'2023-10-25 21:10:23'),(202652,'2023-10-25 21:10:24'),(202653,'2023-10-25 21:10:24'),(202654,'2023-10-25 21:10:24'),(202655,'2023-10-25 21:10:24'),(202656,'2023-10-25 21:10:24'),(202657,'2023-10-25 21:10:24'),(202658,'2023-10-25 21:10:24'),(202659,'2023-10-25 21:10:24'),(202660,'2023-10-25 21:10:25'),(202661,'2023-10-25 21:10:25'),(202662,'2023-10-25 21:10:25'),(202663,'2023-10-25 21:10:25'),(202664,'2023-10-25 21:10:25'),(202665,'2023-10-25 21:10:25'),(202666,'2023-10-25 21:10:25'),(202667,'2023-10-25 21:10:26'),(202668,'2023-10-25 21:10:26'),(202669,'2023-10-25 21:10:26'),(202670,'2023-10-25 21:10:26'),(202671,'2023-10-25 21:10:26'),(202672,'2023-10-25 21:10:26'),(202673,'2023-10-25 21:10:26'),(202674,'2023-10-25 21:10:26'),(202675,'2023-10-25 21:10:26'),(202676,'2023-10-25 21:10:26'),(202677,'2023-10-25 21:10:26'),(202678,'2023-10-25 21:10:26'),(202679,'2023-10-25 21:10:26'),(202680,'2023-10-25 21:10:26'),(202681,'2023-10-25 21:10:26'),(202682,'2023-10-25 21:10:26'),(202683,'2023-10-25 21:10:26'),(202684,'2023-10-25 21:10:27'),(202685,'2023-10-25 21:10:27'),(202686,'2023-10-25 21:10:27'),(202687,'2023-10-25 21:10:27'),(202688,'2023-10-25 21:10:27'),(202689,'2023-10-25 21:10:27'),(202690,'2023-10-25 21:10:27'),(202691,'2023-10-25 21:10:27'),(202692,'2023-10-25 21:10:27'),(202693,'2023-10-25 21:10:27'),(202694,'2023-10-25 21:10:28'),(202695,'2023-10-25 21:10:28'),(202696,'2023-10-25 21:10:28'),(202697,'2023-10-25 21:10:28'),(202698,'2023-10-25 21:10:28'),(202699,'2023-10-25 21:10:28'),(202700,'2023-10-25 21:10:28'),(202701,'2023-10-25 21:10:28'),(202702,'2023-10-25 21:10:28'),(202703,'2023-10-25 21:10:29'),(202704,'2023-10-25 21:10:29'),(202705,'2023-10-25 21:10:29'),(202706,'2023-10-25 21:10:29'),(202707,'2023-10-25 21:10:30'),(202708,'2023-10-25 21:10:30'),(202709,'2023-10-25 21:10:30'),(202710,'2023-10-25 21:10:30'),(202711,'2023-10-25 21:10:30'),(202712,'2023-10-25 21:10:30'),(202713,'2023-10-25 21:10:30'),(202714,'2023-10-25 21:10:30'),(202715,'2023-10-25 21:10:31'),(202716,'2023-10-25 21:10:31'),(202717,'2023-10-25 21:10:31'),(202718,'2023-10-25 21:10:31'),(202719,'2023-10-25 21:10:31'),(202720,'2023-10-25 21:10:31'),(202721,'2023-10-25 21:10:32'),(202735,'2023-10-25 21:53:50'),(202736,'2023-10-25 21:53:50'),(202737,'2023-10-25 21:53:50'),(202738,'2023-10-25 21:54:32'),(202739,'2023-10-25 21:54:32'),(202740,'2023-10-25 21:54:32');
/*!40000 ALTER TABLE `translation` ENABLE KEYS */;
UNLOCK TABLES;



--
-- Dumping data for table `language_translation`
--

LOCK TABLES `language_translation` WRITE;
/*!40000 ALTER TABLE `language_translation` DISABLE KEYS */;
INSERT INTO `language_translation` VALUES (202735,'En','Fitness','2023-10-25 21:53:50'),(202736,'En','Fitness Workout','2023-10-25 21:53:50'),(202737,'En','Fitness Workout','2023-10-25 21:53:50'),(202738,'En','Swimming','2023-10-25 21:54:32'),(202739,'En','Lane Swim','2023-10-25 21:54:32'),(202740,'En','Lane Swim','2023-10-25 21:54:32');
/*!40000 ALTER TABLE `language_translation` ENABLE KEYS */;
UNLOCK TABLES;

--
-- Dumping data for table `city`
--

LOCK TABLES `city` WRITE;
/*!40000 ALTER TABLE `city` DISABLE KEYS */;
INSERT INTO `city` VALUES (1,'Ottawa','2023-08-21 23:28:54'),(2,'Toronto','2023-08-21 23:28:54'),(3,'Ottawa','2023-10-25 20:33:03'),(4,'Toronto','2023-10-25 20:33:03');
/*!40000 ALTER TABLE `city` ENABLE KEYS */;
UNLOCK TABLES;

--
-- Dumping data for table `category`
--

LOCK TABLES `category` WRITE;
/*!40000 ALTER TABLE `category` DISABLE KEYS */;
INSERT INTO `category` VALUES (206,202735,2,'2023-10-25 21:53:50'),(207,202738,2,'2023-10-25 21:54:32');
/*!40000 ALTER TABLE `category` ENABLE KEYS */;
UNLOCK TABLES;

--
-- Dumping data for table `type`
--

LOCK TABLES `type` WRITE;
/*!40000 ALTER TABLE `type` DISABLE KEYS */;
INSERT INTO `type` VALUES (2006,206,202736,'2023-10-25 21:53:50'),(2007,207,202739,'2023-10-25 21:54:32');
/*!40000 ALTER TABLE `type` ENABLE KEYS */;
UNLOCK TABLES;
/*!40103 SET TIME_ZONE=@OLD_TIME_ZONE */;

--
-- Dumping data for table `activity`
--

LOCK TABLES `activity` WRITE;
/*!40000 ALTER TABLE `activity` DISABLE KEYS */;
INSERT INTO `activity` VALUES (7047566,2006,202737,'2023-10-25 21:53:57'),(7195816,2007,202740,'2023-10-25 21:54:38');
/*!40000 ALTER TABLE `activity` ENABLE KEYS */;
UNLOCK TABLES;

--
-- Dumping data for table `address`
--

LOCK TABLES `address` WRITE;
/*!40000 ALTER TABLE `address` DISABLE KEYS */;
INSERT INTO `address` VALUES (2001,200001,'Toronto and East York','Ontario','M6H3Z8','Canada',-79.451366,43.674328,'2023-08-22 00:31:31'),(2002,200003,'North York','Ontario','M3A1K9','Canada',-79.322746,43.745912,'2023-08-22 00:31:31'),(2003,200005,'Scarborough','Ontario','M1S2B7','Canada',-79.275682,43.788618,'2023-08-22 00:31:31'),(2004,200007,'Toronto and East York','Ontario','M4E3L8','Canada',-79.288852,43.682861,'2023-08-22 00:31:31'),(2005,200009,'Toronto and East York','Ontario','M6P1R3','Canada',-79.473992,43.661200,'2023-08-22 00:31:31'),(2006,200011,'North York','Ontario','M6A3C1','Canada',-79.432192,43.720782,'2023-08-22 00:31:31'),(2007,200013,'Toronto and East York','Ontario','M4E1K5','Canada',-79.298741,43.673986,'2023-08-22 00:31:31'),(2008,200015,'Scarborough','Ontario','M1H2W5','Canada',-79.236804,43.774878,'2023-08-22 00:31:31'),(2009,200017,'North York','Ontario','M4N1X2','Canada',-79.400270,43.727716,'2023-08-22 00:31:31'),(2010,200019,'Toronto and East York','Ontario','M6G3H2','Canada',-79.383184,43.653226,'2023-08-22 00:31:31'),(2011,200021,'North York','Ontario','M4G1X6','Canada',-79.361106,43.701981,'2023-08-22 00:31:31'),(2012,200023,'North York','Ontario','M3C3J3','Canada',-79.331857,43.717866,'2023-08-22 00:31:31'),(2013,200025,'Toronto and East York','Ontario','M5M4M7','Canada',-79.400954,43.684782,'2023-08-22 00:31:31'),(2014,200027,'Toronto and East York','Ontario','M4C1V3','Canada',-79.321296,43.685917,'2023-08-22 00:31:31'),(2015,200029,'Etobicoke York','Ontario','M6L2C7','Canada',-79.503825,43.716622,'2023-08-22 00:31:31'),(2016,200031,'Toronto and East York','Ontario','M4K3E1','Canada',-79.350523,43.677256,'2023-08-22 00:31:31'),(2017,200033,'North York','Ontario','M2R3J3','Canada',-79.446908,43.781177,'2023-08-22 00:31:31'),(2018,200035,'Toronto and East York','Ontario','M5T1B1','Canada',-79.383184,43.653226,'2023-08-22 00:31:31'),(2019,200037,'Scarborough','Ontario','M1S3H7','Canada',-79.267931,43.794981,'2023-08-22 00:31:31'),(2020,200039,'Toronto and East York','Ontario','M5R3E6','Canada',-79.416333,43.679237,'2023-08-22 00:31:31'),(2021,200041,'North York','Ontario','M4H1J7','Canada',-79.342730,43.702932,'2023-08-22 00:31:31'),(2022,200043,'Toronto and East York','Ontario','M6K2V6','Canada',-79.383184,43.653226,'2023-08-22 00:31:31'),(2023,200045,'Etobicoke York','Ontario','M8V4B6','Canada',-79.516607,43.595033,'2023-08-22 00:31:31'),(2024,200047,'North York','Ontario','M2N5V7','Canada',-79.414153,43.767428,'2023-08-22 00:31:31'),(2025,200049,'Toronto and East York','Ontario','M4M3G9','Canada',-79.414315,43.645260,'2023-08-22 00:31:31'),(2026,200051,'Toronto and East York','Ontario','M5V0R6','Canada',-79.394973,43.639868,'2023-08-22 00:31:31'),(2027,200053,'Toronto and East York','Ontario','M5A2R6','Canada',-79.370359,43.655431,'2023-08-22 00:31:31'),(2028,200055,'Etobicoke York','Ontario','M3N2K3','Canada',-79.518784,43.765355,'2023-08-22 00:31:31'),(2029,200057,'Etobicoke York','Ontario','M8V2Y4','Canada',-79.501462,43.601049,'2023-08-22 00:31:31'),(2030,200059,'Toronto and East York','Ontario','M4A2L8','Canada',-79.301793,43.717661,'2023-08-22 00:31:31'),(2031,200061,'Toronto and East York','Ontario','M4L2R1','Canada',-79.328765,43.669649,'2023-08-22 00:31:31'),(2032,200063,'North York','Ontario','M3C3E7','Canada',-79.326444,43.713543,'2023-08-22 00:31:31'),(2033,200065,'Scarborough','Ontario','M1C2Z1','Canada',-79.125192,43.792138,'2023-08-22 00:31:31'),(2034,200067,'Toronto and East York','Ontario','M5T2W6','Canada',-79.358096,43.661207,'2023-08-22 00:31:31'),(2035,200069,'Scarborough','Ontario','M1B5Z6','Canada',-79.234222,43.793949,'2023-08-22 00:31:31'),(2036,200071,'Scarborough','Ontario','M1T2M5','Canada',-79.302453,43.786712,'2023-08-22 00:31:31'),(2037,200073,'Toronto and East York','Ontario','M4C5T3','Canada',-79.299784,43.687187,'2023-08-22 00:31:31'),(2038,200075,'Scarborough','Ontario','M1V1S6','Canada',-79.272423,43.809226,'2023-08-22 00:31:31'),(2039,200077,'Scarborough','Ontario','M1H1C6','Canada',-79.227412,43.755647,'2023-08-22 00:31:31'),(2040,200079,'Toronto and East York','Ontario','M6K2N6','Canada',-79.433056,43.640741,'2023-08-22 00:31:31'),(2041,200081,'North York','Ontario','M4S3C1','Canada',-79.411079,43.761538,'2023-08-22 00:31:31'),(2042,200083,'Toronto and East York','Ontario','M6K2G9','Canada',-79.433203,43.647475,'2023-08-22 00:31:31'),(2043,200085,'Scarborough','Ontario','M1R4B4','Canada',-79.299107,43.760810,'2023-08-22 00:31:31'),(2044,200087,'Scarborough','Ontario','M1H2A2','Canada',-79.225906,43.756317,'2023-08-22 00:31:31'),(2045,200089,'Scarborough','Ontario','M1E3V4','Canada',-79.176986,43.768886,'2023-08-22 00:31:31'),(2046,200091,'North York','Ontario','M6B2M1','Canada',-79.455929,43.708772,'2023-08-22 00:31:31'),(2047,200093,'Etobicoke York','Ontario','M9M3A3','Canada',-79.566490,43.747321,'2023-08-22 00:31:31'),(2048,200095,'North York','Ontario','M3N1J4','Canada',-79.490567,43.751882,'2023-08-22 00:31:31'),(2049,200097,'Toronto and East York','Ontario','M4C5L2','Canada',-79.311434,43.695503,'2023-08-22 00:31:31'),(2050,200099,'Etobicoke York','Ontario','M3N2H1','Canada',-79.524118,43.769705,'2023-08-22 00:31:31'),(2051,200101,'Etobicoke York','Ontario','M9M2V9','Canada',-79.538390,43.748582,'2023-08-22 00:31:31'),(2052,200103,'North York','Ontario','M6A2M8','Canada',-79.442743,43.718581,'2023-08-22 00:31:31'),(2053,200105,'Toronto and East York','Ontario','M4W','Canada',-79.389678,43.676860,'2023-08-22 00:31:31'),(2054,200107,'North York','Ontario','M3H3P7','Canada',-79.435907,43.754643,'2023-08-22 00:31:31'),(2055,200109,'Scarborough','Ontario','M1P4N4','Canada',-79.289410,43.771442,'2023-08-22 00:31:31'),(2056,200111,'North York','Ontario','M2N6C9','Canada',-79.408603,43.774735,'2023-08-22 00:31:31'),(2057,200113,'Toronto and East York','Ontario','M4B3K5','Canada',-79.305131,43.707483,'2023-08-22 00:31:31'),(2058,200115,'North York','Ontario','M4R1A7','Canada',-79.399240,43.706916,'2023-08-22 00:31:31'),(2059,200117,'Scarborough','Ontario','M1B3G5','Canada',-79.216407,43.808941,'2023-08-22 00:31:31'),(2060,200119,'Etobicoke York','Ontario','M3L2L7','Canada',-79.499783,43.745422,'2023-08-22 00:31:31'),(2061,200121,'Etobicoke York','Ontario','M9C2N6','Canada',-79.582556,43.656098,'2023-08-22 00:31:31'),(2062,200123,'Scarborough','Ontario','M1K2R1','Canada',-79.261222,43.732733,'2023-08-22 00:31:31'),(2063,200125,'North York','Ontario','M2J3B7','Canada',-79.351308,43.781774,'2023-08-22 00:31:31'),(2064,200127,'Etobicoke York','Ontario','M8W3E9','Canada',-79.530069,43.593811,'2023-08-22 00:31:31'),(2065,200129,'Scarborough','Ontario','M1C0C7','Canada',-79.193824,43.790527,'2023-08-22 00:31:31'),(2066,200131,'Scarborough','Ontario','M1L3E7','Canada',-79.283619,43.694960,'2023-08-22 00:31:31'),(2067,200133,'North York','Ontario','M2J4S8','Canada',-79.336973,43.787001,'2023-08-22 00:31:31'),(2068,200135,'Scarborough','Ontario','M1M1R9','Canada',-79.216741,43.740058,'2023-08-22 00:31:31'),(2069,200137,'North York','Ontario','M2J0C2','Canada',-79.343864,43.772592,'2023-08-22 00:31:31'),(2070,200139,'North York','Ontario','M3M2A5','Canada',-79.492622,43.729174,'2023-08-22 00:31:31'),(2071,200141,'Toronto and East York','Ontario','M4M1Z4','Canada',-79.339779,43.667794,'2023-08-22 00:31:31'),(2072,200143,'Etobicoke York','Ontario','M9V5C7','Canada',-79.584399,43.752224,'2023-08-22 00:31:31'),(2073,200145,'Etobicoke York','Ontario','M9V4L9','Canada',-79.588700,43.734776,'2023-08-22 00:31:31'),(2074,200147,'North York','Ontario','M2J4X8','Canada',-79.351352,43.794162,'2023-08-22 00:31:31'),(2075,200149,'Toronto and East York','Ontario','M6K2W1','Canada',-79.437467,43.643404,'2023-08-22 00:31:31'),(2076,200151,'Etobicoke York','Ontario','M9W7A6','Canada',-79.619154,43.728754,'2023-08-22 00:31:31'),(2077,200153,'Etobicoke York','Ontario','M3N1C2','Canada',-79.515773,43.742459,'2023-08-22 00:31:31'),(2078,200155,'North York','Ontario','M4A1Y1','Canada',-79.315650,43.723149,'2023-08-22 00:31:31'),(2079,200157,'Etobicoke York','Ontario','M8Y4B6','Canada',-79.496489,43.637779,'2023-08-22 00:31:31'),(2080,200159,'Toronto and East York','Ontario','M4L2W6','Canada',-79.322632,43.665850,'2023-08-22 00:31:31'),(2081,200161,'Etobicoke York','Ontario','M3J1B3','Canada',-79.512983,43.748290,'2023-08-22 00:31:31'),(2082,200163,'Scarborough','Ontario','M1G3T4','Canada',-79.210804,43.777487,'2023-08-22 00:31:31'),(2083,200165,'Toronto and East York','Ontario','M4S1J6','Canada',-79.394918,43.699360,'2023-08-22 00:31:31'),(2084,200167,'Toronto and East York','Ontario','M5A4J6','Canada',-79.364992,43.649738,'2023-08-22 00:31:31'),(2085,200169,'North York','Ontario','M3J1A7','Canada',-79.493457,43.750979,'2023-08-22 00:31:31'),(2086,200171,'Scarborough','Ontario','M1V5E9','Canada',-79.304890,43.812660,'2023-08-22 00:31:31'),(2087,200173,'Etobicoke York','Ontario','M8Z4C9','Canada',-79.508701,43.615534,'2023-08-22 00:31:31'),(2088,200175,'Toronto and East York','Ontario','M6S4Z9','Canada',-79.477033,43.643804,'2023-08-22 00:31:31'),(2089,200177,'Etobicoke York','Ontario','M9W2H8','Canada',-79.552110,43.722230,'2023-08-22 00:31:31'),(2090,200179,'Toronto and East York','Ontario','M6J2V5','Canada',-79.414913,43.646215,'2023-08-22 00:31:31'),(2091,200181,'Scarborough','Ontario','M1P2Y2','Canada',-79.264551,43.769199,'2023-08-22 00:31:31'),(2092,200183,'Scarborough','Ontario','M1C2C6','Canada',-79.141982,43.779662,'2023-08-22 00:31:31'),(2093,200185,'Scarborough','Ontario','M1E1P3','Canada',-79.197043,43.747150,'2023-08-22 00:31:31'),(2094,200187,'Toronto and East York','Ontario','M6H4C3','Canada',-79.439534,43.667343,'2023-08-22 00:31:31'),(2095,200189,'Etobicoke York','Ontario','M9V2E3','Canada',-79.595371,43.749604,'2023-08-22 00:31:31'),(2096,200191,'Toronto and East York','Ontario','M4C4K7','Canada',-79.315131,43.698222,'2023-08-22 00:31:31'),(2097,200193,'Toronto and East York','Ontario','M4L2B3','Canada',-79.314710,43.676572,'2023-08-22 00:31:31'),(2098,200195,'Etobicoke York','Ontario','M8Z4K5','Canada',-79.519258,43.639397,'2023-08-22 00:31:31'),(2099,200197,'Etobicoke York','Ontario','M8W2C2','Canada',-79.526698,43.606535,'2023-08-22 00:31:31'),(2100,200199,'Etobicoke York','Ontario','M8X1Z4','Canada',-79.520050,43.648460,'2023-08-22 00:31:31'),(2101,200201,'Toronto and East York','Ontario','M4B2N9','Canada',-79.299283,43.701467,'2023-08-22 00:31:31'),(2102,200203,'Toronto and East York','Ontario','M4C4Y9','Canada',-79.301657,43.692029,'2023-08-22 00:31:31'),(2103,200205,'Scarborough','Ontario','M1L0G6','Canada',-79.280573,43.714673,'2023-08-22 00:31:31'),(2104,200207,'Toronto and East York','Ontario','CA','Canada',-79.344255,43.677411,'2023-08-22 00:31:31'),(2105,200209,'Toronto and East York','Ontario','M4C4K7','Canada',-79.314054,43.698378,'2023-08-22 00:31:31'),(2106,200211,'Toronto and East York','Ontario','M4C5K6','Canada',-79.309281,43.687419,'2023-08-22 00:31:31'),(2107,200213,'Scarborough','Ontario','M1T2M5','Canada',-79.301529,43.787623,'2023-08-22 00:31:31'),(2108,200215,'Toronto and East York','Ontario','M4X1B8','Canada',-79.361054,43.667216,'2023-08-22 00:31:31'),(2109,200217,'Toronto and East York','Ontario','M6C2P8','Canada',-79.436184,43.690127,'2023-08-22 00:31:31'),(2110,200219,'Etobicoke York','Ontario','M9M2S7','Canada',-79.539530,43.733830,'2023-08-22 00:31:31'),(2111,200221,'Etobicoke York','Ontario','M9V1A6','Canada',-79.563022,43.735637,'2023-08-22 00:31:31'),(2112,200223,'Scarborough','Ontario','M1E3G3','Canada',-79.190563,43.775801,'2023-08-22 00:31:31'),(2113,200225,'Etobicoke York','Ontario','M9W5L7','Canada',-79.606896,43.729251,'2023-08-22 00:31:31'),(2114,200227,'Etobicoke York','Ontario','M9N2G8','Canada',-79.509653,43.703750,'2023-08-22 00:31:31'),(2115,200229,'Scarborough','Ontario','M1R2H7','Canada',-79.306591,43.745906,'2023-08-22 00:31:31'),(2116,200231,'Scarborough','Ontario','M1P2P7','Canada',-79.277946,43.748760,'2023-08-22 00:31:31'),(2117,200233,'Scarborough','Ontario','M1C3B2','Canada',-79.138641,43.779232,'2023-08-22 00:31:31'),(2118,200235,'Scarborough','Ontario','M1G3M3','Canada',-79.228017,43.778138,'2023-08-22 00:31:31'),(2119,200237,'Toronto and East York','Ontario','M6H3Y1','Canada',-79.441842,43.653156,'2023-08-22 00:31:31'),(2120,200239,'Etobicoke York','Ontario','M8X1Z4','Canada',-79.519682,43.648379,'2023-08-22 00:31:31'),(2121,200241,'Etobicoke York','Ontario','M9C3T3','Canada',-79.584348,43.650267,'2023-08-22 00:31:31'),(2122,200243,'Etobicoke York','Ontario','M9V1B2','Canada',-79.580976,43.739250,'2023-08-22 00:31:31'),(2123,200245,'Etobicoke York','Ontario','M8V3L9','Canada',-79.521970,43.601246,'2023-08-22 00:31:32'),(2124,200247,'Etobicoke York','Ontario','M8W4Y1','Canada',-79.547841,43.601774,'2023-08-22 00:31:32'),(2125,200249,'Etobicoke York','Ontario','M9W6Z8','Canada',-79.572208,43.725586,'2023-08-22 00:31:32'),(2126,200251,'Etobicoke York','Ontario','M9V1A6','Canada',-79.563022,43.735637,'2023-08-22 00:31:32'),(2127,200253,'Scarborough','Ontario','M1V4P1','Canada',-79.274580,43.829650,'2023-08-22 00:31:32'),(2128,200255,'Etobicoke York','Ontario','M8V4B6','Canada',-79.515333,43.593467,'2023-08-22 00:31:32'),(2129,200257,'Toronto and East York','Ontario','M5A3K1','Canada',-79.359424,43.658652,'2023-08-22 00:31:32'),(2130,200259,'Etobicoke York','Ontario','M6M5B4','Canada',-79.482077,43.687899,'2023-08-22 00:31:32'),(2131,200261,'Toronto and East York','Ontario','M5A1X6','Canada',-79.361779,43.658149,'2023-08-22 00:31:32'),(2132,200263,'North York','Ontario','M2N2H8','Canada',-79.426507,43.777028,'2023-08-22 00:31:32'),(2133,200265,'Scarborough','Ontario','M1H3C3','Canada',-79.233049,43.777338,'2023-08-22 00:31:32'),(2134,200267,'Toronto and East York','Ontario','M4W3Z2','Canada',-79.369077,43.673147,'2023-08-22 00:31:32'),(2135,200269,'Toronto and East York','Ontario','M4X1K7','Canada',-79.374582,43.667603,'2023-08-22 00:31:32'),(2136,200271,'Etobicoke York','Ontario','M6L1A8','Canada',-79.482648,43.707105,'2023-08-22 00:31:32'),(2137,200273,'Toronto and East York','Ontario','M6R1N2','Canada',-79.443029,43.648075,'2023-08-22 00:31:32'),(2138,200275,'Toronto and East York','Ontario','M5A2B8','Canada',-79.361076,43.661196,'2023-08-22 00:31:32'),(2139,200277,'Toronto and East York','Ontario','M6E3S2','Canada',-79.448018,43.691219,'2023-08-22 00:31:32'),(2140,200279,'Etobicoke York','Ontario','M3L2H8','Canada',-79.512258,43.724248,'2023-08-22 00:31:32'),(2141,200281,'North York','Ontario','M3K1S7','Canada',-79.465598,43.732553,'2023-08-22 00:31:32'),(2142,200283,'North York','Ontario','M2H1J9','Canada',-79.372779,43.799167,'2023-08-22 00:31:32'),(2143,200285,'North York','Ontario','M5M4M7','Canada',-79.421949,43.739335,'2023-08-22 00:31:32'),(2144,200287,'Etobicoke York','Ontario','M6N2K6','Canada',-79.497652,43.674871,'2023-08-22 00:31:32'),(2145,200289,'Scarborough','Ontario','M1C3B2','Canada',-79.280129,43.747492,'2023-08-22 00:31:32'),(2146,200291,'Scarborough','Ontario','M1T2M5','Canada',-79.262201,43.695316,'2023-08-22 00:31:32'),(2147,200293,'Toronto and East York','Ontario','M6E1C5','Canada',-79.452119,43.675579,'2023-08-22 00:31:32');
/*!40000 ALTER TABLE `address` ENABLE KEYS */;
UNLOCK TABLES;

--
-- Dumping data for table `facility`
--

LOCK TABLES `facility` WRITE;
/*!40000 ALTER TABLE `facility` DISABLE KEYS */;
INSERT INTO `facility` VALUES (2001,NULL,2001,200002,'https://www.toronto.ca/data/parks/prd/facilities/complex/514/index.html',2,'2023-08-22 00:31:31'),(2002,'416-395-7966',2002,200004,'https://www.toronto.ca/data/parks/prd/facilities/complex/7/index.html',2,'2023-08-22 00:31:31'),(2003,'416-396-4037',2003,200006,'https://www.toronto.ca/data/parks/prd/facilities/complex/523/index.html',2,'2023-08-22 00:31:31'),(2004,'416-392-0741',2004,200008,'https://www.toronto.ca/data/parks/prd/facilities/complex/13/index.html',2,'2023-08-22 00:31:31'),(2005,'416-392-0736',2005,200010,'https://www.toronto.ca/data/parks/prd/facilities/complex/17/index.html',2,'2023-08-22 00:31:31'),(2006,'416-395-6123',2006,200012,'https://www.toronto.ca/data/parks/prd/facilities/complex/1045/index.html',2,'2023-08-22 00:31:31'),(2007,'416-392-0740',2007,200014,'https://www.toronto.ca/data/parks/prd/facilities/complex/24/index.html',2,'2023-08-22 00:31:31'),(2008,'416-396-4057',2008,200016,'https://www.toronto.ca/data/parks/prd/facilities/complex/537/index.html',2,'2023-08-22 00:31:31'),(2009,'416-392-0618',2009,200018,'https://www.toronto.ca/data/parks/prd/facilities/complex/27/index.html',2,'2023-08-22 00:31:31'),(2010,'416-392-0744',2010,200020,'https://www.toronto.ca/data/parks/prd/facilities/complex/30/index.html',2,'2023-08-22 00:31:31'),(2011,'416-396-2822',2011,200022,'https://www.toronto.ca/data/parks/prd/facilities/complex/542/index.html',2,'2023-08-22 00:31:31'),(2012,'416-395-7972',2012,200024,'https://www.toronto.ca/data/parks/prd/facilities/complex/1056/index.html',2,'2023-08-22 00:31:31'),(2013,'416-392-6826',2013,200026,'https://www.toronto.ca/data/parks/prd/facilities/complex/33/index.html',2,'2023-08-22 00:31:31'),(2014,'416-392-0752',2014,200028,'https://www.toronto.ca/data/parks/prd/facilities/complex/36/index.html',2,'2023-08-22 00:31:31'),(2015,'416-395-1199',2015,200030,'https://www.toronto.ca/data/parks/prd/facilities/complex/1063/index.html',2,'2023-08-22 00:31:31'),(2016,'416-392-0749',2016,200032,'https://www.toronto.ca/data/parks/prd/facilities/complex/39/index.html',2,'2023-08-22 00:31:31'),(2017,'416-395-0096',2017,200034,'https://www.toronto.ca/data/parks/prd/facilities/complex/42/index.html',2,'2023-08-22 00:31:31'),(2018,'416-392-7984',2018,200036,'https://www.toronto.ca/data/parks/prd/facilities/complex/45/index.html',2,'2023-08-22 00:31:31'),(2019,'416-396-4024',2019,200038,'https://www.toronto.ca/data/parks/prd/facilities/complex/558/index.html',2,'2023-08-22 00:31:31'),(2020,'416-392-0746',2020,200040,'https://www.toronto.ca/data/parks/prd/facilities/complex/48/index.html',2,'2023-08-22 00:31:31'),(2021,'416-396-2874',2021,200042,'https://www.toronto.ca/data/parks/prd/facilities/complex/1076/index.html',2,'2023-08-22 00:31:31'),(2022,'416-392-6695',2022,200044,'https://www.toronto.ca/data/parks/prd/facilities/complex/52/index.html',2,'2023-08-22 00:31:31'),(2023,'416-392-6355',2023,200046,'https://www.toronto.ca/data/parks/prd/facilities/complex/1078/index.html',2,'2023-08-22 00:31:31'),(2024,'416-395-7585',2024,200048,'https://www.toronto.ca/data/parks/prd/facilities/complex/567/index.html',2,'2023-08-22 00:31:31'),(2025,'416-392-0751',2025,200050,'https://www.toronto.ca/data/parks/prd/facilities/complex/58/index.html',2,'2023-08-22 00:31:31'),(2026,'416-397-4200',2026,200052,'https://www.toronto.ca/data/parks/prd/facilities/complex/3643/index.html',2,'2023-08-22 00:31:31'),(2027,'416-392-6779',2027,200054,'https://www.toronto.ca/data/parks/prd/facilities/complex/63/index.html',2,'2023-08-22 00:31:31'),(2028,'416-395-0226',2028,200056,'https://www.toronto.ca/data/parks/prd/facilities/complex/575/index.html',2,'2023-08-22 00:31:31'),(2029,'416-394-8684',2029,200058,'https://www.toronto.ca/data/parks/prd/facilities/complex/1091/index.html',2,'2023-08-22 00:31:31'),(2030,'416-395-7957',2030,200060,'https://www.toronto.ca/data/parks/prd/facilities/complex/1093/index.html',2,'2023-08-22 00:31:31'),(2031,NULL,2031,200062,'https://www.toronto.ca/data/parks/prd/facilities/complex/70/index.html',2,'2023-08-22 00:31:31'),(2032,'416-395-6014',2032,200064,'https://www.toronto.ca/data/parks/prd/facilities/complex/583/index.html',2,'2023-08-22 00:31:31'),(2033,'416-396-4147',2033,200066,'https://www.toronto.ca/data/parks/prd/facilities/complex/584/index.html',2,'2023-08-22 00:31:31'),(2034,'416-392-0335',2034,200068,'https://www.toronto.ca/data/parks/prd/facilities/complex/1098/index.html',2,'2023-08-22 00:31:31'),(2035,'416-396-4670',2035,200070,'https://www.toronto.ca/data/parks/prd/facilities/complex/591/index.html',2,'2023-08-22 00:31:31'),(2036,'416-396-4184',2036,200072,'https://www.toronto.ca/data/parks/prd/facilities/complex/1105/index.html',2,'2023-08-22 00:31:31'),(2037,'416-392-1070',2037,200074,'https://www.toronto.ca/data/parks/prd/facilities/complex/85/index.html',2,'2023-08-22 00:31:31'),(2038,'416-396-4009',2038,200076,'https://www.toronto.ca/data/parks/prd/facilities/complex/1110/index.html',2,'2023-08-22 00:31:31'),(2039,'416-396-4028',2039,200078,'https://www.toronto.ca/data/parks/prd/facilities/complex/600/index.html',2,'2023-08-22 00:31:31'),(2040,'416-392-6928',2040,200080,'https://www.toronto.ca/data/parks/prd/facilities/complex/89/index.html',2,'2023-08-22 00:31:31'),(2041,'416-392-0747',2041,200082,'https://www.toronto.ca/data/parks/prd/facilities/complex/96/index.html',2,'2023-08-22 00:31:31'),(2042,'416-392-0742',2042,200084,'https://www.toronto.ca/data/parks/prd/facilities/complex/100/index.html',2,'2023-08-22 00:31:31'),(2043,'416-396-5536',2043,200086,'https://www.toronto.ca/data/parks/prd/facilities/complex/617/index.html',2,'2023-08-22 00:31:31'),(2044,'416-396-4006',2044,200088,'https://www.toronto.ca/data/parks/prd/facilities/complex/1143/index.html',2,'2023-08-22 00:31:31'),(2045,'416-396-4035',2045,200090,'https://www.toronto.ca/data/parks/prd/facilities/complex/633/index.html',2,'2023-08-22 00:31:31'),(2046,'416-395-7921',2046,200092,'https://www.toronto.ca/data/parks/prd/facilities/complex/638/index.html',2,'2023-08-22 00:31:31'),(2047,'416-395-0355',2047,200094,'https://www.toronto.ca/data/parks/prd/facilities/complex/642/index.html',2,'2023-08-22 00:31:31'),(2048,'416-395-6171',2048,200096,'https://www.toronto.ca/data/parks/prd/facilities/complex/647/index.html',2,'2023-08-22 00:31:31'),(2049,'416-392-6368',2049,200098,'https://www.toronto.ca/data/parks/prd/facilities/complex/1164/index.html',2,'2023-08-22 00:31:31'),(2050,'416-395-7942',2050,200100,'https://www.toronto.ca/data/parks/prd/facilities/complex/667/index.html',2,'2023-08-22 00:31:31'),(2051,'416-395-7950',2051,200102,'https://www.toronto.ca/data/parks/prd/facilities/complex/1186/index.html',2,'2023-08-22 00:31:31'),(2052,'416-395-6118',2052,200104,'https://www.toronto.ca/data/parks/prd/facilities/complex/675/index.html',2,'2023-08-22 00:31:31'),(2053,NULL,2053,200106,'https://www.toronto.ca/data/parks/prd/facilities/complex/167/index.html',2,'2023-08-22 00:31:31'),(2054,'416-395-7873',2054,200108,'https://www.toronto.ca/data/parks/prd/facilities/complex/171/index.html',2,'2023-08-22 00:31:31'),(2055,NULL,2055,200110,'https://www.toronto.ca/data/parks/prd/facilities/complex/1201/index.html',2,'2023-08-22 00:31:31'),(2056,'416-395-0265',2056,200112,'https://www.toronto.ca/data/parks/prd/facilities/complex/693/index.html',2,'2023-08-22 00:31:31'),(2057,'416-392-6368',2057,200114,'https://www.toronto.ca/data/parks/prd/facilities/complex/1205/index.html',2,'2023-08-22 00:31:31'),(2058,'416-392-6591',2058,200116,'https://www.toronto.ca/data/parks/prd/facilities/complex/189/index.html',2,'2023-08-22 00:31:31'),(2059,'416-396-4054',2059,200118,'https://www.toronto.ca/data/parks/prd/facilities/complex/702/index.html',2,'2023-08-22 00:31:31'),(2060,'416-395-7284',2060,200120,'https://www.toronto.ca/data/parks/prd/facilities/complex/703/index.html',2,'2023-08-22 00:31:31'),(2061,'416-394-8703',2061,200122,'https://www.toronto.ca/data/parks/prd/facilities/complex/1221/index.html',2,'2023-08-22 00:31:31'),(2062,'416-396-4043',2062,200124,'https://www.toronto.ca/data/parks/prd/facilities/complex/712/index.html',2,'2023-08-22 00:31:31'),(2063,'416-395-6005',2063,200126,'https://www.toronto.ca/data/parks/prd/facilities/complex/714/index.html',2,'2023-08-22 00:31:31'),(2064,'416-394-8707',2064,200128,'https://www.toronto.ca/data/parks/prd/facilities/complex/1234/index.html',2,'2023-08-22 00:31:31'),(2065,'416-283-5222',2065,200130,'https://www.toronto.ca/data/parks/prd/facilities/complex/2773/index.html',2,'2023-08-22 00:31:31'),(2066,'416-338-1966',2066,200132,'https://www.toronto.ca/data/parks/prd/facilities/complex/731/index.html',2,'2023-08-22 00:31:31'),(2067,'416-395-6006',2067,200134,'https://www.toronto.ca/data/parks/prd/facilities/complex/732/index.html',2,'2023-08-22 00:31:31'),(2068,'416-396-4048',2068,200136,'https://www.toronto.ca/data/parks/prd/facilities/complex/743/index.html',2,'2023-08-22 00:31:31'),(2069,'416-392-6383',2069,200138,'https://www.toronto.ca/data/parks/prd/facilities/complex/2791/index.html',2,'2023-08-22 00:31:31'),(2070,'416-395-7964',2070,200140,'https://www.toronto.ca/data/parks/prd/facilities/complex/744/index.html',2,'2023-08-22 00:31:31'),(2071,'416-392-0750',2071,200142,'https://www.toronto.ca/data/parks/prd/facilities/complex/234/index.html',2,'2023-08-22 00:31:31'),(2072,'416-394-8679',2072,200144,'https://www.toronto.ca/data/parks/prd/facilities/complex/749/index.html',2,'2023-08-22 00:31:31'),(2073,'416-394-8671',2073,200146,'https://www.toronto.ca/data/parks/prd/facilities/complex/750/index.html',2,'2023-08-22 00:31:31'),(2074,'416-395-7671',2074,200148,'https://www.toronto.ca/data/parks/prd/facilities/complex/751/index.html',2,'2023-08-22 00:31:31'),(2075,'416-392-6696',2075,200150,'https://www.toronto.ca/data/parks/prd/facilities/complex/243/index.html',2,'2023-08-22 00:31:31'),(2076,'416-394-5700',2076,200152,'https://www.toronto.ca/data/parks/prd/facilities/complex/755/index.html',2,'2023-08-22 00:31:31'),(2077,'416 395-6673',2077,200154,'https://www.toronto.ca/data/parks/prd/facilities/complex/760/index.html',2,'2023-08-22 00:31:31'),(2078,'416-395-0143',2078,200156,'https://www.toronto.ca/data/parks/prd/facilities/complex/771/index.html',2,'2023-08-22 00:31:31'),(2079,'416-394-8713',2079,200158,'https://www.toronto.ca/data/parks/prd/facilities/complex/1288/index.html',2,'2023-08-22 00:31:31'),(2080,'416-392-0734',2080,200160,'https://www.toronto.ca/data/parks/prd/facilities/complex/267/index.html',2,'2023-08-22 00:31:31'),(2081,'416-395-0484',2081,200162,'https://www.toronto.ca/data/parks/prd/facilities/complex/780/index.html',2,'2023-08-22 00:31:31'),(2082,'416-396-5156',2082,200164,'https://www.toronto.ca/data/parks/prd/facilities/complex/782/index.html',2,'2023-08-22 00:31:31'),(2083,'416-392-0747',2083,200166,'https://www.toronto.ca/data/parks/prd/facilities/complex/2831/index.html',2,'2023-08-22 00:31:31'),(2084,'416-392-1347',2084,200168,'https://www.toronto.ca/data/parks/prd/facilities/complex/272/index.html',2,'2023-08-22 00:31:31'),(2085,NULL,2085,200170,'https://www.toronto.ca/data/parks/prd/facilities/complex/2835/index.html',2,'2023-08-22 00:31:31'),(2086,'416-396-4510',2086,200172,'https://www.toronto.ca/data/parks/prd/facilities/complex/788/index.html',2,'2023-08-22 00:31:31'),(2087,'416-394-8673',2087,200174,'https://www.toronto.ca/data/parks/prd/facilities/complex/793/index.html',2,'2023-08-22 00:31:31'),(2088,'416-392-6796',2088,200176,'https://www.toronto.ca/data/parks/prd/facilities/complex/282/index.html',2,'2023-08-22 00:31:31'),(2089,'416-394-8983',2089,200178,'https://www.toronto.ca/data/parks/prd/facilities/complex/795/index.html',2,'2023-08-22 00:31:31'),(2090,'416-392-0743',2090,200180,'https://www.toronto.ca/data/parks/prd/facilities/complex/287/index.html',2,'2023-08-22 00:31:31'),(2091,'416-396-4069',2091,200182,'https://www.toronto.ca/data/parks/prd/facilities/complex/289/index.html',2,'2023-08-22 00:31:31'),(2092,'416-396-4007',2092,200184,'https://www.toronto.ca/data/parks/prd/facilities/complex/1315/index.html',2,'2023-08-22 00:31:31'),(2093,'416-396-4011',2093,200186,'https://www.toronto.ca/data/parks/prd/facilities/complex/1317/index.html',2,'2023-08-22 00:31:31'),(2094,'416-392-0039',2094,200188,'https://www.toronto.ca/data/parks/prd/facilities/complex/294/index.html',2,'2023-08-22 00:31:31'),(2095,'416-394-8715',2095,200190,'https://www.toronto.ca/data/parks/prd/facilities/complex/1320/index.html',2,'2023-08-22 00:31:31'),(2096,'416-396-2842',2096,200192,'https://www.toronto.ca/data/parks/prd/facilities/complex/297/index.html',2,'2023-08-22 00:31:31'),(2097,'416-392-7060',2097,200194,'https://www.toronto.ca/data/parks/prd/facilities/complex/308/index.html',2,'2023-08-22 00:31:31'),(2098,'416-394-8686',2098,200196,'https://www.toronto.ca/data/parks/prd/facilities/complex/822/index.html',2,'2023-08-22 00:31:31'),(2099,'416 394-6001',2099,200198,'https://www.toronto.ca/data/parks/prd/facilities/complex/823/index.html',2,'2023-08-22 00:31:31'),(2100,'416-394-5439',2100,200200,'https://www.toronto.ca/data/parks/prd/facilities/complex/824/index.html',2,'2023-08-22 00:31:31'),(2101,'416-396-2878',2101,200202,'https://www.toronto.ca/data/parks/prd/facilities/complex/1857/index.html',2,'2023-08-22 00:31:31'),(2102,'416-396-2857',2102,200204,'https://www.toronto.ca/data/parks/prd/facilities/complex/325/index.html',2,'2023-08-22 00:31:31'),(2103,'416-392-7640',2103,200206,'https://www.toronto.ca/data/parks/prd/facilities/complex/1865/index.html',2,'2023-08-22 00:31:31'),(2104,'416-396-2880',2104,200208,'https://www.toronto.ca/data/parks/prd/facilities/complex/329/index.html',2,'2023-08-22 00:31:31'),(2105,'416-396-2869',2105,200210,'https://www.toronto.ca/data/parks/prd/facilities/complex/330/index.html',2,'2023-08-22 00:31:31'),(2106,'416-392-7060',2106,200212,'https://www.toronto.ca/data/parks/prd/facilities/complex/336/index.html',2,'2023-08-22 00:31:31'),(2107,'416-396-4040',2107,200214,'https://www.toronto.ca/data/parks/prd/facilities/complex/1873/index.html',2,'2023-08-22 00:31:31'),(2108,NULL,2108,200216,'https://www.toronto.ca/data/parks/prd/facilities/complex/345/index.html',2,'2023-08-22 00:31:31'),(2109,'416-394-2473',2109,200218,'https://www.toronto.ca/data/parks/prd/facilities/complex/1371/index.html',2,'2023-08-22 00:31:31'),(2110,'416-395-6127',2110,200220,'https://www.toronto.ca/data/parks/prd/facilities/complex/350/index.html',2,'2023-08-22 00:31:31'),(2111,'416-394-8717',2111,200222,'https://www.toronto.ca/data/parks/prd/facilities/complex/354/index.html',2,'2023-08-22 00:31:31'),(2112,'416-396-4008',2112,200224,'https://www.toronto.ca/data/parks/prd/facilities/complex/1381/index.html',2,'2023-08-22 00:31:31'),(2113,'416-394-6050',2113,200226,'https://www.toronto.ca/data/parks/prd/facilities/complex/357/index.html',2,'2023-08-22 00:31:31'),(2114,'416-394-2739',2114,200228,'https://www.toronto.ca/data/parks/prd/facilities/complex/1384/index.html',2,'2023-08-22 00:31:31'),(2115,'416-396-4016',2115,200230,'https://www.toronto.ca/data/parks/prd/facilities/complex/1387/index.html',2,'2023-08-22 00:31:31'),(2116,NULL,2116,200232,'https://www.toronto.ca/data/parks/prd/facilities/complex/1393/index.html',2,'2023-08-22 00:31:31'),(2117,'416-396-4031',2117,200234,'https://www.toronto.ca/data/parks/prd/facilities/complex/883/index.html',2,'2023-08-22 00:31:31'),(2118,NULL,2118,200236,'https://www.toronto.ca/data/parks/prd/facilities/complex/1395/index.html',2,'2023-08-22 00:31:31'),(2119,NULL,2119,200238,'https://www.toronto.ca/data/parks/prd/facilities/complex/378/index.html',2,'2023-08-22 00:31:31'),(2120,'416-394-8731',2120,200240,'https://www.toronto.ca/data/parks/prd/facilities/complex/891/index.html',2,'2023-08-22 00:31:31'),(2121,'416-394-8111',2121,200242,'https://www.toronto.ca/data/parks/prd/facilities/complex/892/index.html',2,'2023-08-22 00:31:31'),(2122,'416-394-8676',2122,200244,'https://www.toronto.ca/data/parks/prd/facilities/complex/893/index.html',2,'2023-08-22 00:31:32'),(2123,'416-394-8726',2123,200246,'https://www.toronto.ca/data/parks/prd/facilities/complex/896/index.html',2,'2023-08-22 00:31:32'),(2124,'416-394-8738',2124,200248,'https://www.toronto.ca/data/parks/prd/facilities/complex/897/index.html',2,'2023-08-22 00:31:32'),(2125,'416-394-8680',2125,200250,'https://www.toronto.ca/data/parks/prd/facilities/complex/396/index.html',2,'2023-08-22 00:31:32'),(2126,'416-394-8869',2126,200252,'https://www.toronto.ca/data/parks/prd/facilities/complex/397/index.html',2,'2023-08-22 00:31:32'),(2127,'416-396-7757',2127,200254,'https://www.toronto.ca/data/parks/prd/facilities/complex/405/index.html',2,'2023-08-22 00:31:32'),(2128,'416-338-1081',2128,200256,'https://www.toronto.ca/data/parks/prd/facilities/complex/1429/index.html',2,'2023-08-22 00:31:32'),(2129,NULL,2129,200258,'https://www.toronto.ca/data/parks/prd/facilities/complex/419/index.html',2,'2023-08-22 00:31:32'),(2130,'416-392-9675',2130,200260,'https://www.toronto.ca/data/parks/prd/facilities/complex/3501/index.html',2,'2023-08-22 00:31:32'),(2131,'416-392-5490',2131,200262,'https://www.toronto.ca/data/parks/prd/facilities/complex/3502/index.html',2,'2023-08-22 00:31:32'),(2132,'416-395-6164',2132,200264,'https://www.toronto.ca/data/parks/prd/facilities/complex/1463/index.html',2,'2023-08-22 00:31:32'),(2133,NULL,2133,200266,'https://www.toronto.ca/data/parks/prd/facilities/complex/3514/index.html',2,'2023-08-22 00:31:32'),(2134,NULL,2134,200268,'https://www.toronto.ca/data/parks/prd/facilities/complex/3516/index.html',2,'2023-08-22 00:31:32'),(2135,'416-392-0227',2135,200270,'https://www.toronto.ca/data/parks/prd/facilities/complex/451/index.html',2,'2023-08-22 00:31:32'),(2136,'416-395-0145',2136,200272,'https://www.toronto.ca/data/parks/prd/facilities/complex/472/index.html',2,'2023-08-22 00:31:32'),(2137,NULL,2137,200274,'https://www.toronto.ca/data/parks/prd/facilities/complex/3547/index.html',2,'2023-08-22 00:31:32'),(2138,'416-338-2237',2138,200276,'https://www.toronto.ca/data/parks/prd/facilities/complex/2012/index.html',2,'2023-08-22 00:31:32'),(2139,'416-394-2473',2139,200278,'https://www.toronto.ca/data/parks/prd/facilities/complex/482/index.html',2,'2023-08-22 00:31:32'),(2140,'416-395-7802',2140,200280,'https://www.toronto.ca/data/parks/prd/facilities/complex/486/index.html',2,'2023-08-22 00:31:32'),(2141,'416-395-6057',2141,200282,'https://www.toronto.ca/data/parks/prd/facilities/complex/487/index.html',2,'2023-08-22 00:31:32'),(2142,'416-395-7803',2142,200284,'https://www.toronto.ca/data/parks/prd/facilities/complex/499/index.html',2,'2023-08-22 00:31:32'),(2143,'416-395-7848',2143,200286,'https://www.toronto.ca/data/parks/prd/facilities/complex/503/index.html',2,'2023-08-22 00:31:32'),(2144,NULL,2144,200288,'https://www.toronto.ca/data/parks/prd/facilities/complex/504/index.html',2,'2023-08-22 00:31:32'),(2145,'416-396-4023',2145,200290,'https://www.toronto.ca/data/parks/prd/facilities/complex/506/index.html',2,'2023-08-22 00:31:32'),(2146,'416-396-4311',2146,200292,'https://www.toronto.ca/data/parks/prd/facilities/complex/507/index.html',2,'2023-08-22 00:31:32'),(2147,'416-392-0036',2147,200294,'https://www.toronto.ca/data/parks/prd/facilities/complex/509/index.html',2,'2023-08-22 00:31:32');
/*!40000 ALTER TABLE `facility` ENABLE KEYS */;
UNLOCK TABLES;

--
-- Dumping data for table `facility_activity`
--

LOCK TABLES `facility_activity` WRITE;
/*!40000 ALTER TABLE `facility_activity` DISABLE KEYS */;
INSERT INTO `facility_activity` VALUES (2005,7047566,'2023-10-25 21:54:11'),(2005,7195816,'2023-10-25 21:54:38');
/*!40000 ALTER TABLE `facility_activity` ENABLE KEYS */;
UNLOCK TABLES;

--
-- Dumping data for table `reference_facility_locationorigin`
--

LOCK TABLES `reference_facility_locationorigin` WRITE;
/*!40000 ALTER TABLE `reference_facility_locationorigin` DISABLE KEYS */;
INSERT INTO `reference_facility_locationorigin` VALUES (2001,514),(2002,7),(2003,523),(2004,13),(2005,17),(2006,1045),(2007,24),(2008,537),(2009,27),(2010,30),(2011,542),(2012,1056),(2013,33),(2014,36),(2015,1063),(2016,39),(2017,42),(2018,45),(2019,558),(2020,48),(2021,1076),(2022,52),(2023,1078),(2024,567),(2025,58),(2026,3643),(2027,63),(2028,575),(2029,1091),(2030,1093),(2031,70),(2032,583),(2033,584),(2034,1098),(2035,591),(2036,1105),(2037,85),(2038,1110),(2039,600),(2040,89),(2041,96),(2042,100),(2043,617),(2044,1143),(2045,633),(2046,638),(2047,642),(2048,647),(2049,1164),(2050,667),(2051,1186),(2052,675),(2053,167),(2054,171),(2055,1201),(2056,693),(2057,1205),(2058,189),(2059,702),(2060,703),(2061,1221),(2062,712),(2063,714),(2064,1234),(2065,2773),(2066,731),(2067,732),(2068,743),(2069,2791),(2070,744),(2071,234),(2072,749),(2073,750),(2074,751),(2075,243),(2076,755),(2077,760),(2078,771),(2079,1288),(2080,267),(2081,780),(2082,782),(2083,2831),(2084,272),(2085,2835),(2086,788),(2087,793),(2088,282),(2089,795),(2090,287),(2091,289),(2092,1315),(2093,1317),(2094,294),(2095,1320),(2096,297),(2097,308),(2098,822),(2099,823),(2100,824),(2101,1857),(2102,325),(2103,1865),(2104,329),(2105,330),(2106,336),(2107,1873),(2108,345),(2109,1371),(2110,350),(2111,354),(2112,1381),(2113,357),(2114,1384),(2115,1387),(2116,1393),(2117,883),(2118,1395),(2119,378),(2120,891),(2121,892),(2122,893),(2123,896),(2124,897),(2125,396),(2126,397),(2127,405),(2128,1429),(2129,419),(2130,3501),(2131,3502),(2132,1463),(2133,3514),(2134,3516),(2135,451),(2136,472),(2137,3547),(2138,2012),(2139,482),(2140,486),(2141,487),(2142,499),(2143,503),(2144,504),(2145,506),(2146,507),(2147,509);
/*!40000 ALTER TABLE `reference_facility_locationorigin` ENABLE KEYS */;
UNLOCK TABLES;

--
-- Dumping data for table `availability`
--

LOCK TABLES `availability` WRITE;
/*!40000 ALTER TABLE `availability` DISABLE KEYS */;
INSERT INTO `availability` VALUES (20001,2005,7047566,'2023-10-27 09:00:00','2023-10-27 21:00:00',1,192,NULL,'2023-10-25 21:54:24'),(20002,2005,7047566,'2023-10-31 09:00:00','2023-10-31 21:00:00',1,192,NULL,'2023-10-25 21:54:31'),(20003,2005,7047566,'2023-11-06 09:00:00','2023-11-06 21:00:00',1,192,NULL,'2023-10-25 21:54:31'),(20004,2005,7047566,'2023-11-09 09:00:00','2023-11-09 21:00:00',1,192,NULL,'2023-10-25 21:54:31'),(20005,2005,7047566,'2023-11-11 09:00:00','2023-11-11 16:00:00',1,192,NULL,'2023-10-25 21:54:31'),(20006,2005,7047566,'2023-11-13 09:00:00','2023-11-13 21:00:00',1,192,NULL,'2023-10-25 21:54:31'),(20007,2005,7047566,'2023-11-16 09:00:00','2023-11-16 21:00:00',1,192,NULL,'2023-10-25 21:54:31'),(20008,2005,7047566,'2023-11-18 09:00:00','2023-11-18 16:00:00',1,192,NULL,'2023-10-25 21:54:31'),(20009,2005,7047566,'2023-11-19 09:00:00','2023-11-19 16:00:00',1,192,NULL,'2023-10-25 21:54:31'),(20010,2005,7047566,'2023-11-20 09:00:00','2023-11-20 21:00:00',1,192,NULL,'2023-10-25 21:54:31'),(20011,2005,7047566,'2023-11-23 09:00:00','2023-11-23 21:00:00',1,192,NULL,'2023-10-25 21:54:31'),(20012,2005,7047566,'2023-11-25 09:00:00','2023-11-25 16:00:00',1,192,NULL,'2023-10-25 21:54:31'),(20013,2005,7047566,'2023-11-28 09:00:00','2023-11-28 21:00:00',1,192,NULL,'2023-10-25 21:54:31'),(20014,2005,7047566,'2023-12-01 09:00:00','2023-12-01 21:00:00',1,192,NULL,'2023-10-25 21:54:31'),(20015,2005,7047566,'2023-12-03 09:00:00','2023-12-03 16:00:00',1,192,NULL,'2023-10-25 21:54:31'),(20016,2005,7047566,'2023-12-05 09:00:00','2023-12-05 21:00:00',1,192,NULL,'2023-10-25 21:54:31'),(20017,2005,7047566,'2023-12-08 09:00:00','2023-12-08 21:00:00',1,192,NULL,'2023-10-25 21:54:31'),(20018,2005,7047566,'2023-12-10 09:00:00','2023-12-10 16:00:00',1,192,NULL,'2023-10-25 21:54:31'),(20019,2005,7047566,'2023-12-11 09:00:00','2023-12-11 21:00:00',1,192,NULL,'2023-10-25 21:54:31'),(20020,2005,7047566,'2023-12-16 09:00:00','2023-12-16 16:00:00',1,192,NULL,'2023-10-25 21:54:31'),(20021,2005,7047566,'2023-12-18 09:00:00','2023-12-18 21:00:00',1,192,NULL,'2023-10-25 21:54:31'),(20022,2005,7047566,'2023-12-21 09:00:00','2023-12-21 21:00:00',1,192,NULL,'2023-10-25 21:54:31'),(20023,2005,7047566,'2023-12-23 09:00:00','2023-12-23 16:00:00',1,192,NULL,'2023-10-25 21:54:31'),(20024,2005,7047566,'2023-12-24 09:00:00','2023-12-24 16:00:00',1,192,NULL,'2023-10-25 21:54:31'),(20025,2005,7047566,'2023-12-28 09:00:00','2023-12-28 21:00:00',1,192,NULL,'2023-10-25 21:54:31'),(20026,2005,7047566,'2023-12-30 09:00:00','2023-12-30 16:00:00',1,192,NULL,'2023-10-25 21:54:31'),(20027,2005,7047566,'2023-10-30 09:00:00','2023-10-30 21:00:00',1,192,NULL,'2023-10-25 21:54:31'),(20028,2005,7047566,'2023-11-02 09:00:00','2023-11-02 21:00:00',1,192,NULL,'2023-10-25 21:54:31'),(20029,2005,7047566,'2023-11-04 09:00:00','2023-11-04 16:00:00',1,192,NULL,'2023-10-25 21:54:31'),(20030,2005,7047566,'2023-11-14 09:00:00','2023-11-14 21:00:00',1,192,NULL,'2023-10-25 21:54:31'),(20031,2005,7047566,'2023-11-22 09:00:00','2023-11-22 21:00:00',1,192,NULL,'2023-10-25 21:54:31'),(20032,2005,7047566,'2023-11-30 09:00:00','2023-11-30 21:00:00',1,192,NULL,'2023-10-25 21:54:31'),(20033,2005,7047566,'2023-12-06 09:00:00','2023-12-06 21:00:00',1,192,NULL,'2023-10-25 21:54:31'),(20034,2005,7047566,'2023-12-13 09:00:00','2023-12-13 21:00:00',1,192,NULL,'2023-10-25 21:54:31'),(20035,2005,7047566,'2023-12-19 09:00:00','2023-12-19 21:00:00',1,192,NULL,'2023-10-25 21:54:31'),(20036,2005,7047566,'2023-12-27 09:00:00','2023-12-27 21:00:00',1,192,NULL,'2023-10-25 21:54:31'),(20037,2005,7047566,'2023-10-26 09:00:00','2023-10-26 21:00:00',1,192,NULL,'2023-10-25 21:54:31'),(20038,2005,7047566,'2023-10-28 09:00:00','2023-10-28 16:00:00',1,192,NULL,'2023-10-25 21:54:31'),(20039,2005,7047566,'2023-10-29 09:00:00','2023-10-29 16:00:00',1,192,NULL,'2023-10-25 21:54:31'),(20040,2005,7047566,'2023-11-03 09:00:00','2023-11-03 21:00:00',1,192,NULL,'2023-10-25 21:54:31'),(20041,2005,7047566,'2023-11-05 09:00:00','2023-11-05 16:00:00',1,192,NULL,'2023-10-25 21:54:31'),(20042,2005,7047566,'2023-11-07 09:00:00','2023-11-07 21:00:00',1,192,NULL,'2023-10-25 21:54:31'),(20043,2005,7047566,'2023-11-10 09:00:00','2023-11-10 21:00:00',1,192,NULL,'2023-10-25 21:54:31'),(20044,2005,7047566,'2023-11-15 09:00:00','2023-11-15 21:00:00',1,192,NULL,'2023-10-25 21:54:31'),(20045,2005,7047566,'2023-11-21 09:00:00','2023-11-21 21:00:00',1,192,NULL,'2023-10-25 21:54:31'),(20046,2005,7047566,'2023-11-24 09:00:00','2023-11-24 21:00:00',1,192,NULL,'2023-10-25 21:54:31'),(20047,2005,7047566,'2023-11-26 09:00:00','2023-11-26 16:00:00',1,192,NULL,'2023-10-25 21:54:31'),(20048,2005,7047566,'2023-11-27 09:00:00','2023-11-27 21:00:00',1,192,NULL,'2023-10-25 21:54:31'),(20049,2005,7047566,'2023-12-02 09:00:00','2023-12-02 16:00:00',1,192,NULL,'2023-10-25 21:54:31'),(20050,2005,7047566,'2023-12-04 09:00:00','2023-12-04 21:00:00',1,192,NULL,'2023-10-25 21:54:31'),(20051,2005,7047566,'2023-12-07 09:00:00','2023-12-07 21:00:00',1,192,NULL,'2023-10-25 21:54:31'),(20052,2005,7047566,'2023-12-09 09:00:00','2023-12-09 16:00:00',1,192,NULL,'2023-10-25 21:54:31'),(20053,2005,7047566,'2023-12-12 09:00:00','2023-12-12 21:00:00',1,192,NULL,'2023-10-25 21:54:31'),(20054,2005,7047566,'2023-12-15 09:00:00','2023-12-15 21:00:00',1,192,NULL,'2023-10-25 21:54:31'),(20055,2005,7047566,'2023-12-17 09:00:00','2023-12-17 16:00:00',1,192,NULL,'2023-10-25 21:54:31'),(20056,2005,7047566,'2023-12-22 09:00:00','2023-12-22 21:00:00',1,192,NULL,'2023-10-25 21:54:31'),(20057,2005,7047566,'2023-12-29 09:00:00','2023-12-29 21:00:00',1,192,NULL,'2023-10-25 21:54:32'),(20058,2005,7047566,'2023-12-31 09:00:00','2023-12-31 16:00:00',1,192,NULL,'2023-10-25 21:54:32'),(20059,2005,7047566,'2023-11-01 09:00:00','2023-11-01 21:00:00',1,192,NULL,'2023-10-25 21:54:32'),(20060,2005,7047566,'2023-11-08 09:00:00','2023-11-08 21:00:00',1,192,NULL,'2023-10-25 21:54:32'),(20061,2005,7047566,'2023-11-12 09:00:00','2023-11-12 16:00:00',1,192,NULL,'2023-10-25 21:54:32'),(20062,2005,7047566,'2023-11-17 09:00:00','2023-11-17 21:00:00',1,192,NULL,'2023-10-25 21:54:32'),(20063,2005,7047566,'2023-11-29 09:00:00','2023-11-29 21:00:00',1,192,NULL,'2023-10-25 21:54:32'),(20064,2005,7047566,'2023-12-14 09:00:00','2023-12-14 21:00:00',1,192,NULL,'2023-10-25 21:54:32'),(20065,2005,7047566,'2023-12-20 09:00:00','2023-12-20 21:00:00',1,192,NULL,'2023-10-25 21:54:32'),(20066,2005,7195816,'2023-12-18 12:45:00','2023-12-18 14:15:00',1,84,NULL,'2023-10-25 21:54:38');
/*!40000 ALTER TABLE `availability` ENABLE KEYS */;
UNLOCK TABLES;

/*!40101 SET SQL_MODE=@OLD_SQL_MODE */;
/*!40014 SET FOREIGN_KEY_CHECKS=@OLD_FOREIGN_KEY_CHECKS */;
/*!40014 SET UNIQUE_CHECKS=@OLD_UNIQUE_CHECKS */;
/*!40101 SET CHARACTER_SET_CLIENT=@OLD_CHARACTER_SET_CLIENT */;
/*!40101 SET CHARACTER_SET_RESULTS=@OLD_CHARACTER_SET_RESULTS */;
/*!40101 SET COLLATION_CONNECTION=@OLD_COLLATION_CONNECTION */;
/*!40111 SET SQL_NOTES=@OLD_SQL_NOTES */;

-- Dump completed on 2023-11-05 20:04:54
